outer_test_subject,top_k,transition_weight,n1_emission_boost,mean_macro_f1,mean_n1_f1,mean_min_class_f1,mean_balanced_accuracy,std_macro_f1,selected
SC400,10,0.25,1.2,0.680345283925514,0.3424892767803619,0.3424892767803619,0.7010731715785757,0.08134912049484064,True
SC400,0,0.5,1.1,0.6759503301730548,0.31179537291865733,0.31179537291865733,0.6963118898898697,0.09208274087489655,False
SC400,10,0.25,1.1,0.6757134856240121,0.3060288975516295,0.3060288975516295,0.6984093992927083,0.08551327774889449,False
SC400,10,0.25,1.35,0.6754605130474507,0.35642288465758615,0.35642288465758615,0.6979666752134123,0.08302086151085158,False
SC400,0,0.5,1.35,0.6741385864209327,0.3189081767283436,0.3189081767283436,0.6965447439797968,0.08934756691544038,False
SC400,0,0.5,1.2,0.673819243653249,0.29549610684901756,0.29549610684901756,0.6968387134980285,0.08966891773915922,False
SC400,10,0.5,1.35,0.6730650032523122,0.3366483957134525,0.3356437760244682,0.6930439567575538,0.0872606981453368,False
SC400,0,0.25,1.2,0.6729997534952574,0.3263894849360624,0.3263894849360624,0.6958618604435369,0.08771537570464842,False
SC400,10,0.5,1.2,0.6723777935957733,0.3084754133820072,0.3084754133820072,0.6921667852525405,0.09323071400856901,False
SC400,10,0.25,1.0,0.6721556866854856,0.29321721777969356,0.29321721777969356,0.6932319386203236,0.07994351037368021,False
SC400,0,0.25,1.1,0.6719210810625944,0.30783537279326245,0.30783537279326245,0.694825336906829,0.08819990521331166,False
SC400,5,0.5,1.35,0.6717515607991726,0.32992998885771463,0.317555065435211,0.6941747427140925,0.09536489411012053,False
SC400,0,0.25,1.35,0.6714478553747545,0.3363094899808405,0.3363094899808405,0.6948806922532119,0.09060219390949084,False
SC400,5,0.25,1.35,0.6712028012752768,0.36190661463347773,0.36190661463347773,0.6949795677625838,0.08519911984227233,False
SC400,15,0.25,1.5,0.6711616914398895,0.37301612240599047,0.36377970873940024,0.6981854001662426,0.09142477404466857,False
SC400,0,0.5,1.0,0.6711395874252013,0.28526180584951566,0.28526180584951566,0.6908155787571725,0.08978765633677376,False
SC400,15,0.5,1.2,0.6708855696425109,0.3113232175840448,0.3113232175840448,0.6893764000685946,0.09464353547525785,False
SC400,5,0.5,1.2,0.6708538073554001,0.3027980484293796,0.3027980484293796,0.6924073698247397,0.08968124754292078,False
SC400,15,0.5,1.1,0.6703958095963898,0.3082541824698254,0.3082541824698254,0.6887977901205729,0.09278297550550986,False
SC400,5,0.5,1.1,0.6703461140796639,0.3094000191173093,0.3094000191173093,0.6909523224789632,0.0889996365093478,False
SC400,20,0.25,1.35,0.6702362827793941,0.355430014569912,0.35450132468599826,0.6934512870893857,0.0912835074043077,False
SC400,20,0.25,1.1,0.6701247830518056,0.31612419605096165,0.31612419605096165,0.6913084995920903,0.08266736023985988,False
SC400,20,0.25,1.2,0.6693110372279302,0.32265264033433044,0.32265264033433044,0.6916182818302433,0.08943303869880036,False
SC400,20,0.25,1.0,0.6692218595721321,0.3041218935771658,0.3041218935771658,0.6911819090702473,0.0895164515970922,False
SC400,5,0.25,1.1,0.6690963660957548,0.31166037424442466,0.31166037424442466,0.68894732247956,0.08002147736783258,False
SC400,20,0.5,1.2,0.6690608650096997,0.29048964039767255,0.29048964039767255,0.6925095229329447,0.09173705672017374,False
SC400,15,0.25,1.1,0.6689874429853736,0.3106408862729458,0.3082319417572221,0.6890587437575839,0.08348169988159933,False
SC400,10,0.5,1.0,0.6689301769906398,0.29334267432636335,0.29334267432636335,0.6870248797012575,0.08920165853204075,False
SC400,15,0.25,1.35,0.6686079490527822,0.33598576134399566,0.33328184285060347,0.6934495334682923,0.0881913084101361,False
SC400,5,0.25,1.2,0.6686020912287406,0.3254519211070821,0.3254519211070821,0.6905068124985386,0.08551745342413085,False
SC400,10,1.0,1.1,0.6683984747645113,0.2811652185518238,0.2811652185518238,0.6824542948483192,0.08776855123687238,False
SC400,5,0.5,1.0,0.6683967948154435,0.29924829679833387,0.29924829679833387,0.6884349169371724,0.08603931902789508,False
SC400,20,0.5,1.0,0.6683062254765672,0.2963994339426672,0.2963994339426672,0.6893566657131502,0.09362782906458145,False
SC400,15,0.25,1.0,0.668296732730689,0.29959892531027205,0.29959892531027205,0.6875959805532028,0.08220806384868357,False
SC400,20,0.5,1.1,0.6680735529338223,0.2982284853479517,0.2982284853479517,0.6892754623031943,0.09480185680629732,False
SC400,10,0.75,1.1,0.6678644624009155,0.3021499882072066,0.3021499882072066,0.6849475516991901,0.09190152921964075,False
SC400,5,0.25,1.0,0.6674438597196931,0.30015397881251543,0.30015397881251543,0.6874984244172928,0.08145603796621168,False
SC400,10,0.75,1.5,0.6674063537374041,0.3302115262090374,0.32342823261458836,0.6856143514204627,0.09298046743138867,False
SC400,20,0.75,1.2,0.6673698693914387,0.31069701534001465,0.31069701534001465,0.6841852091320637,0.09503383116765468,False
SC400,10,0.5,1.1,0.6672194966037125,0.2897505677423924,0.2897505677423924,0.6869210851680668,0.09106409485494721,False
SC400,15,0.5,1.35,0.6670734633001059,0.3205525882195853,0.3205525882195853,0.6870442751828851,0.09789830372805418,False
SC400,0,1.0,1.2,0.6667870029043328,0.28260694844730905,0.28260694844730905,0.6824752738348017,0.08486298695913067,False
SC400,10,0.25,1.5,0.6667627068606856,0.35910048809447986,0.34601155074550843,0.6913960580221442,0.09152696379376077,False
SC400,10,0.75,1.2,0.66633168016859,0.29002582010850275,0.29002582010850275,0.6848738945720882,0.09081056657532496,False
SC400,5,0.25,1.5,0.665998145534246,0.3657377730378797,0.3556567479766398,0.692832476156714,0.09059743161490216,False
SC400,5,1.0,1.2,0.6659819059608569,0.2989921644699697,0.2989921644699697,0.6808648903030934,0.08586907997521794,False
SC400,10,1.0,1.5,0.6659105541842555,0.30152555380171353,0.29474226020726446,0.6857620573625116,0.09623087571967792,False
SC400,0,0.25,1.0,0.6658946092504988,0.28581848299733587,0.28581848299733587,0.686682948539844,0.08203857855956062,False
SC400,0,0.75,1.1,0.665363003183942,0.28792088494033197,0.28792088494033197,0.6810270410717211,0.09022692355155283,False
SC400,20,0.5,1.5,0.6653528040508736,0.3439973490735891,0.3281601125396313,0.6874277849969884,0.10330334075929944,False
SC400,5,0.75,1.2,0.6652030436947134,0.3097797052918431,0.3097797052918431,0.6824453136787965,0.09451101573287139,False
SC400,10,0.75,1.35,0.6651826442604056,0.3007863639086438,0.2997520558021207,0.6850192138269112,0.09540936414422559,False
SC400,15,0.25,1.2,0.6651048092693166,0.31444432229573505,0.3142815966410185,0.6890624671093191,0.08225129054883328,False
SC400,15,0.75,1.2,0.6651017173400969,0.3042902736113485,0.3042902736113485,0.6803245043886582,0.0949393089366792,False
SC400,0,0.75,1.5,0.664945346809334,0.3199934793028119,0.31421914592569383,0.6840038882479623,0.09984228272003326,False
SC400,0,0.75,1.2,0.6649223040825499,0.30262581181177284,0.30262581181177284,0.6829126721515909,0.09248707327170683,False
SC400,5,0.5,1.5,0.6645112231335237,0.34305557646328283,0.33094409748912657,0.6854016592402601,0.09135729385566015,False
SC400,20,1.0,1.1,0.6641414940664181,0.2717969923301319,0.2717969923301319,0.6790907799972121,0.08606298887968948,False
SC400,10,1.0,1.2,0.6639668886178338,0.287253114071578,0.287253114071578,0.6802747412308224,0.09197623445454993,False
SC400,10,0.75,1.0,0.6637482358172925,0.2878092817010593,0.2878092817010593,0.6816294196505839,0.09221810322973507,False
SC400,5,1.0,1.1,0.6637412627690766,0.28840430666990213,0.28840430666990213,0.6789277389649333,0.08820528215377692,False
SC400,10,1.0,1.35,0.6635253126878389,0.2901609755826278,0.28522008399112203,0.6818991963511423,0.09521105021587879,False
SC400,10,0.5,1.5,0.6634810344594028,0.33831296438304814,0.32232411219477397,0.6838533918937677,0.09553134395540895,False
SC400,5,1.0,1.0,0.6632824536921453,0.2661637545885181,0.2661637545885181,0.6785804798149958,0.08540956885914147,False
SC400,0,1.0,1.5,0.6632449270183451,0.29619236061440063,0.28990064408734306,0.6827616178565379,0.09193834710055548,False
SC400,5,0.75,1.35,0.6630245481921735,0.30942571415886483,0.3016772851461904,0.6836543917976062,0.0990690519226959,False
SC400,5,1.0,1.5,0.6628590050495965,0.30720414865039164,0.2995854549776238,0.6811203805831165,0.0958935948563792,False
SC400,5,0.75,1.1,0.6626305390511165,0.30451374849907686,0.30451374849907686,0.6800641589419523,0.09398999352841458,False
SC400,15,0.75,1.35,0.6624355381052294,0.3005921102573207,0.3005921102573207,0.6789267647866507,0.09372002419135086,False
SC400,15,1.0,1.2,0.662325283282991,0.283571904766168,0.283571904766168,0.6764373455699451,0.08655418806276234,False
SC400,10,1.0,1.75,0.6618293258516665,0.32842264920908265,0.2892069629345728,0.681908019303845,0.09959519794323328,False
SC400,20,0.75,1.1,0.661446002359374,0.2917246176394598,0.2917246176394598,0.6795436445079248,0.0930627093407906,False
SC400,20,0.75,1.0,0.6614381565133585,0.26323188704561645,0.26323188704561645,0.6784727217021385,0.08763684470173028,False
SC400,15,0.5,1.0,0.6613622261935754,0.2746606938459659,0.2746606938459659,0.6806839508656413,0.08864301751985752,False
SC400,5,0.75,1.0,0.6613341627710076,0.28558415936650156,0.28558415936650156,0.6782736349190179,0.09203728216414535,False
SC400,15,1.0,1.35,0.6608365858440226,0.2975289669623134,0.2975289669623134,0.6771961642911327,0.09554918154791159,False
SC400,15,1.0,1.1,0.660760736234812,0.2637069277698683,0.2637069277698683,0.6756350608535728,0.08636067369055676,False
SC400,20,0.5,1.35,0.6606699082418349,0.30981122122440125,0.29744161624096327,0.6841221285470152,0.10580394363875807,False
SC400,0,1.0,1.0,0.6600347460960264,0.23981231769521782,0.23981231769521782,0.676180605058154,0.08314640565973473,False
SC400,10,1.0,1.0,0.6599987615522387,0.23777363390793518,0.23777363390793518,0.6755496704596776,0.08460780201642473,False
SC400,5,1.0,1.35,0.6595612210159375,0.30552784436658675,0.29796234218318063,0.6778991194140163,0.09427902445598912,False
SC400,0,1.0,1.1,0.6593924030846805,0.2568152193091314,0.2568152193091314,0.6770347062021069,0.08413181899455324,False
SC400,0,0.75,1.35,0.6591607906357961,0.2947799865771993,0.28848827005014166,0.6799840100946156,0.09680212051197491,False
SC400,15,0.75,1.0,0.6590830895161581,0.2664543827576179,0.2664543827576179,0.6747318135910001,0.09084548618518049,False
SC400,20,1.0,1.35,0.6589145739714352,0.2809322111560994,0.2773775070266826,0.6782076413523864,0.09423246082505421,False
SC400,20,0.75,1.75,0.658864983312635,0.3486374975071429,0.32766528046908283,0.6761361196044945,0.10486830994265922,False
SC400,0,1.0,1.35,0.6586018455187141,0.2777950911871329,0.2713720450414941,0.678947067187295,0.08909138607181383,False
SC400,0,0.75,1.0,0.6579478935764155,0.25408403301872884,0.25408403301872884,0.6758793975767328,0.08903251756771394,False
SC400,15,1.0,1.0,0.6577804712096406,0.24612785007104437,0.24612785007104437,0.6744552860180523,0.08767888684504302,False
SC400,0,0.5,1.5,0.6574483126040311,0.31443818670710943,0.30601327828220104,0.6788193800213295,0.0980746129314596,False
SC400,20,0.25,1.5,0.6572869208414265,0.3559727354964342,0.3400799196036183,0.6831518124673942,0.09937590758283509,False
SC400,15,0.75,1.1,0.6572299869555583,0.28008358504257086,0.28008358504257086,0.6736588900807331,0.09221564969384857,False
SC400,0,0.25,1.5,0.6571322352227208,0.3387416994368039,0.3387416994368039,0.6806795480500193,0.09017153861534682,False
SC400,20,1.0,1.2,0.656792910230576,0.285591360912979,0.2833417714220102,0.6754952234770506,0.09687245835533088,False
SC400,20,0.75,1.5,0.656743441466191,0.309732770637259,0.3084788521419612,0.6746893161253054,0.10243908737633144,False
SC400,20,0.75,1.35,0.6556789171946329,0.29040174878884556,0.28903128017699764,0.6756023788817098,0.10160606770767865,False
SC400,15,0.5,1.5,0.6553705152778977,0.31801989924846424,0.300855584107555,0.6772490320793776,0.10342530249293826,False
SC400,5,1.0,1.75,0.6553244407132836,0.3272941877266415,0.32131959463414445,0.6708735294628335,0.09954879994504602,False
SC400,20,1.0,1.75,0.6552429615686423,0.3394986877021881,0.3012008153617626,0.6723093005985605,0.10708397663212371,False
SC400,15,0.75,1.5,0.6543044306998373,0.29574140251537473,0.2741229054055482,0.6740858444371819,0.10330516115358855,False
SC400,20,1.0,1.0,0.6542187259980288,0.23204416907732828,0.23204416907732828,0.6721678197841833,0.08445792853213478,False
SC400,15,1.0,1.5,0.6542072240284383,0.291913844784299,0.2865194162500631,0.6723411945730253,0.09495456716592232,False
SC400,20,0.5,1.75,0.6539742826353835,0.34094313571638246,0.3242321870394328,0.6759976629291288,0.10156964625054757,False
SC400,15,0.25,1.75,0.6537213449739513,0.37045926982541555,0.3345965494223929,0.6857123761840322,0.09788949441248052,False
SC400,20,1.0,1.5,0.653130729347251,0.27850289469566575,0.277248976200368,0.6711098376022127,0.09976935365968548,False
SC400,5,0.75,1.5,0.6531105770778313,0.30157171284278966,0.2930016789373292,0.6731242510039062,0.10205868572859779,False
SC400,10,0.25,1.75,0.6527740030055111,0.35153552839312063,0.3222913124548173,0.681158097508703,0.10181943960218029,False
SC400,15,0.5,1.75,0.6501013926487926,0.3432935104836204,0.3101802475728222,0.6728403447978459,0.1023811932917044,False
SC400,20,0.25,1.75,0.6499885393364676,0.3647432095679827,0.338123850033776,0.6805591698612982,0.10233691916007526,False
SC400,15,1.0,1.75,0.6490334848115967,0.30554918465056613,0.26745394655532806,0.6693488056769361,0.10991724888997721,False
SC400,0,1.0,1.75,0.6482894029034296,0.3195381915451286,0.2824029130305397,0.6663753212456547,0.09909400359681841,False
SC400,15,0.75,1.75,0.6476387124249112,0.3455759471291208,0.3059926137957875,0.6666307907897187,0.10896686557015936,False
SC400,10,0.75,1.75,0.6474188789497719,0.3398079759615382,0.3025739334083467,0.6671768460118391,0.10436216029670643,False
SC400,0,0.25,1.75,0.6460421937949479,0.34670290506648394,0.3142014934346375,0.6744959068355957,0.10332535768013842,False
SC400,5,0.75,1.75,0.6459567017147222,0.3358809641578649,0.3138324466376492,0.6666762579187221,0.1057035784890108,False
SC400,10,0.5,1.75,0.6449671253974795,0.33225591480076927,0.2992481713704906,0.6680440677058342,0.10352872963043941,False
SC400,0,0.5,1.75,0.6444835539759002,0.3206686604954066,0.28558299498720585,0.6707002287370252,0.09911898812875113,False
SC400,5,0.25,1.75,0.6378545017896146,0.35358882947118236,0.28936192468619243,0.6721590584411963,0.10311616621891119,False
SC400,5,0.5,1.75,0.6360024583568408,0.3296007567042688,0.27021274458844247,0.6650388037446046,0.10257065462685518,False
SC400,0,0.75,1.75,0.6346522261970269,0.3146599990449181,0.2760177013947876,0.6568367807211363,0.10595136957465777,False
SC401,10,0.5,1.75,0.7342480669027868,0.39732839621922345,0.39732839621922345,0.7338975140931744,0.04446652534798975,True
SC401,20,0.5,1.75,0.7337558023103565,0.38522426292781337,0.38522426292781337,0.7335289993411849,0.049334839363127256,False
SC401,5,0.5,1.75,0.7322274475140889,0.3916026678110651,0.3916026678110651,0.7314513545897583,0.04685517980119779,False
SC401,10,0.25,1.75,0.7289002138877672,0.4098011384321502,0.4098011384321502,0.7311001224377249,0.046016786393028856,False
SC401,10,0.5,1.5,0.7288923693503702,0.3490435193408053,0.3490435193408053,0.7276790241803817,0.02992213779685105,False
SC401,20,0.25,1.5,0.7282992205788219,0.3659698304705446,0.3659698304705446,0.7296876736278708,0.03020845007939756,False
SC401,20,0.25,1.75,0.7276650642927471,0.39167731325459687,0.39167731325459687,0.7290685585887584,0.050191213201662456,False
SC401,15,0.5,1.75,0.7271936010309055,0.37829374980906455,0.37829374980906455,0.7258796947847044,0.04767997509921567,False
SC401,20,0.75,1.5,0.7259167735012291,0.30906681158510685,0.30906681158510685,0.7284727133515162,0.022782562253459347,False
SC401,20,0.25,1.35,0.7258978192043155,0.3471499987401919,0.3471499987401919,0.7269369902782689,0.029921664149720483,False
SC401,10,0.25,1.5,0.7255438341924649,0.38603718835518414,0.38603718835518414,0.7266162206685683,0.03999383310765388,False
SC401,5,0.25,1.5,0.7252192137873743,0.3784948766029655,0.3784948766029655,0.7260864177706583,0.0346984376535048,False
SC401,5,0.75,1.75,0.723478500215094,0.33582964384136094,0.33582964384136094,0.7208123783108877,0.03467766922694978,False
SC401,20,0.75,1.75,0.7224118967515231,0.32106496535870244,0.32106496535870244,0.7240142740385791,0.03410785462924305,False
SC401,5,0.25,1.35,0.7220616440641191,0.3417471335193386,0.3417471335193386,0.723674036384237,0.025140191533741474,False
SC401,15,0.25,1.75,0.7214654873423862,0.39316230555957044,0.39316230555957044,0.7246057957021866,0.045625309513160996,False
SC401,20,0.5,1.5,0.720732821476658,0.31767552851951186,0.31767552851951186,0.7241865528875111,0.027850711295282812,False
SC401,15,0.75,1.5,0.7202963665646918,0.302531542066625,0.302531542066625,0.7204222198791596,0.023162363735573867,False
SC401,10,0.75,1.75,0.7202232502042262,0.31424362038117587,0.31424362038117587,0.717755177515355,0.026060151560044695,False
SC401,5,0.5,1.5,0.7197911180050582,0.31941444619055936,0.31941444619055936,0.7188329942259338,0.03047777687154985,False
SC401,20,0.25,1.2,0.7197332467338536,0.31126360941454795,0.31126360941454795,0.7217572042293677,0.026867585232600116,False
SC401,15,0.25,1.5,0.7196171424554743,0.35462159039317875,0.35462159039317875,0.7203731880149045,0.030110785123591617,False
SC401,5,0.25,1.75,0.7194854299834033,0.38921933255426944,0.38921933255426944,0.7220619950357016,0.044991948722822216,False
SC401,5,0.75,1.5,0.7189006864755918,0.30163216863036785,0.30163216863036785,0.719208945381894,0.025280509778262166,False
SC401,20,0.75,1.35,0.7187972593132951,0.2787608122502531,0.2787608122502531,0.7237841561035416,0.023839591727950665,False
SC401,15,0.75,1.75,0.7187671534463014,0.3198062973473478,0.3198062973473478,0.7168952138446729,0.028879984985647724,False
SC401,20,1.0,1.75,0.718741200524285,0.30591926271764586,0.30591926271764586,0.7189346954294027,0.024260020919542723,False
SC401,20,0.25,1.1,0.7183820732338204,0.2976029534535888,0.2976029534535888,0.7212403042388329,0.02797110573180371,False
SC401,10,0.75,1.5,0.7182437919009768,0.28720618311041046,0.28720618311041046,0.7178726098340797,0.018673876046763748,False
SC401,15,0.25,1.35,0.7176867797904624,0.33468859033725107,0.33468859033725107,0.7192127542077836,0.0243484234469323,False
SC401,0,0.25,1.75,0.7176716562825181,0.3781142326734236,0.3781142326734236,0.7184175038854461,0.04641395799028116,False
SC401,0,0.25,1.5,0.7160547843079375,0.34444009012800897,0.34444009012800897,0.7173617887658379,0.026086509313135702,False
SC401,15,0.5,1.35,0.7159545599865906,0.2901017411623975,0.2901017411623975,0.7191661492348399,0.01674877163898433,False
SC401,5,0.75,1.35,0.7155771886958142,0.2772864679066852,0.2772864679066852,0.7174318026474958,0.02446663261816085,False
SC401,5,0.5,1.35,0.7155080519691339,0.29259442124858326,0.29259442124858326,0.7180464614629262,0.01773688899413299,False
SC401,10,0.25,1.35,0.7150359515776343,0.31912251269181563,0.31912251269181563,0.7168128796364428,0.020020650986442592,False
SC401,15,0.25,1.2,0.7148981499117101,0.3009066450845504,0.3009066450845504,0.7185512029088714,0.026025728701371115,False
SC401,0,0.5,1.75,0.7145574256809218,0.3279514947846631,0.3279514947846631,0.7164850396525299,0.030353969633073727,False
SC401,5,0.25,1.2,0.7140829393580852,0.29140820018189456,0.29140820018189456,0.717118453403815,0.025070737097615158,False
SC401,20,0.5,1.35,0.7137755543659994,0.28727270039968245,0.28727270039968245,0.7181197103234636,0.02066834769106822,False
SC401,15,0.5,1.5,0.7134346540107116,0.30174549886408075,0.30174549886408075,0.7153383200255911,0.021753637048114987,False
SC401,20,1.0,1.5,0.7119460653095985,0.2722567044803536,0.2722567044803536,0.7145048996248058,0.026415654448550468,False
SC401,0,0.25,1.2,0.711480258716103,0.30468323500093847,0.30468323500093847,0.714321377299308,0.018299772573438212,False
SC401,0,0.25,1.35,0.7110874049001794,0.3066524730610242,0.3066524730610242,0.7145507032418458,0.01876011904425941,False
SC401,10,1.0,1.75,0.7110062489447844,0.311559516970355,0.311559516970355,0.7079767949718845,0.029583919306127946,False
SC401,0,0.5,1.5,0.7107650225194577,0.28230482774363896,0.28230482774363896,0.7157284037364344,0.016802740003571858,False
SC401,10,0.25,1.2,0.7099574820762922,0.2839615789854065,0.2839615789854065,0.7130509184778043,0.018302995231477222,False
SC401,20,0.5,1.2,0.7098016372852867,0.25048905463470017,0.25048905463470017,0.7175063380703393,0.022389548554109524,False
SC401,10,0.75,1.35,0.7097546566935,0.2524988127602699,0.2524988127602699,0.712728654591259,0.020330985114844075,False
SC401,20,1.0,1.35,0.7096651193265326,0.2616120615822211,0.2616120615822211,0.7125752331404235,0.032387449140352284,False
SC401,5,0.5,1.2,0.708779606652839,0.2527392253136934,0.2527392253136934,0.7135546851502148,0.020876378667236274,False
SC401,10,0.5,1.35,0.7087663705328918,0.26027129336185484,0.26027129336185484,0.7130332012795516,0.016540696851565333,False
SC401,5,1.0,1.75,0.7085454931210047,0.2882536785586113,0.2882536785586113,0.7068443937197296,0.027314516159595254,False
SC401,15,0.25,1.1,0.7081026438696545,0.26206185163272144,0.26206185163272144,0.7144650690328018,0.02090345776989398,False
SC401,5,0.25,1.1,0.7074342900930887,0.26081507896972556,0.26081507896972556,0.7119936302513162,0.02403618812287918,False
SC401,0,0.75,1.5,0.7073591546897873,0.28874013016144073,0.28874013016144073,0.7072643426790493,0.02617430467385321,False
SC401,20,0.5,1.1,0.7069746351130912,0.23293798270458507,0.23293798270458507,0.7157782061427878,0.027806138842926625,False
SC401,0,0.75,1.75,0.7069408388443132,0.2981833872578761,0.2981833872578761,0.7076640351809698,0.027022308055922144,False
SC401,20,0.75,1.2,0.7068177433008748,0.2269058724508172,0.2269058724508172,0.7155626882744969,0.02410283520130588,False
SC401,20,0.25,1.0,0.7067665966417118,0.24388653535914234,0.24388653535914234,0.7129167856103398,0.028154661855214456,False
SC401,0,0.5,1.35,0.706451944504847,0.2645208658355188,0.2645208658355188,0.7128938205298795,0.015992740383742564,False
SC401,10,0.25,1.1,0.7061622460162225,0.26432662880945956,0.26432662880945956,0.7119681083261689,0.01606197521626172,False
SC401,15,0.25,1.0,0.7044925317371838,0.24504371967704158,0.24504371967704158,0.7129120506443625,0.01717366835368275,False
SC401,15,1.0,1.75,0.7042695675948303,0.2906061572191124,0.2906061572191124,0.7017962015384391,0.02922533578837018,False
SC401,10,0.5,1.2,0.7026801262324924,0.23398685107584524,0.23398685107584524,0.7103740064755584,0.015555718272648686,False
SC401,15,0.75,1.35,0.7026416893037208,0.22443013946172333,0.22443013946172333,0.7112253641260085,0.021906766650462244,False
SC401,5,1.0,1.5,0.702417510987247,0.2554996950140087,0.2554996950140087,0.7032272355685121,0.017999581455973978,False
SC401,20,0.75,1.1,0.7017195442938398,0.1977249841597884,0.1977249841597884,0.7141836295250198,0.021637733816813783,False
SC401,20,1.0,1.2,0.7015825853897252,0.22013737458641422,0.22013737458641422,0.709755357349645,0.02787950294468124,False
SC401,0,1.0,1.75,0.7014170282419572,0.2709664992206623,0.2709664992206623,0.7021787982294576,0.02903164020568237,False
SC401,15,0.5,1.2,0.7005819177499344,0.22081305976365626,0.22081305976365626,0.7112792159826545,0.020184452142913645,False
SC401,10,1.0,1.5,0.7004075269490524,0.24979583340539926,0.24979583340539926,0.7023503438551133,0.02344797544037569,False
SC401,10,0.75,1.2,0.6998710370756009,0.21558286130687296,0.21558286130687296,0.7059004431640657,0.018988211661130714,False
SC401,10,0.75,1.1,0.6998456684494977,0.20650730732851982,0.20650730732851982,0.7068232512947841,0.021611582625349905,False
SC401,5,0.75,1.2,0.6990423698920544,0.20562386221973225,0.20562386221973225,0.7060578688034717,0.026897366351763922,False
SC401,20,0.75,1.0,0.6985196213525762,0.18651327125441744,0.18651327125441744,0.71263920126538,0.02691397844768974,False
SC401,10,0.25,1.0,0.6980702161764982,0.23879929887506407,0.23879929887506407,0.7041893371026207,0.014898917039553417,False
SC401,10,0.5,1.1,0.6975583054920006,0.204622331374625,0.204622331374625,0.708750018988946,0.023218269498257536,False
SC401,0,0.25,1.1,0.6965632865459173,0.2283663881860119,0.2283663881860119,0.7071813647392305,0.016537106783044937,False
SC401,5,0.25,1.0,0.6962804435750987,0.21067651500964507,0.21067651500964507,0.705702360166161,0.024912039531835704,False
SC401,0,0.5,1.2,0.6958369513214061,0.21236443465152827,0.21236443465152827,0.7067289385606135,0.014911793156695899,False
SC401,10,1.0,1.35,0.6954695929633287,0.22840488894631633,0.22840488894631633,0.699572095006735,0.01972011554847713,False
SC401,20,1.0,1.1,0.6953878136672496,0.19243567462545563,0.19243567462545563,0.705948235447052,0.03651660454019743,False
SC401,20,0.5,1.0,0.6944474647559619,0.1775518656303105,0.1775518656303105,0.7087318936263809,0.029350898513881448,False
SC401,0,0.75,1.35,0.6942214219792001,0.2241844940365243,0.2241844940365243,0.7000203385494245,0.024843776147424394,False
SC401,10,1.0,1.2,0.6936964977779851,0.21571644905192663,0.21571644905192663,0.6976847241806938,0.02408148169028424,False
SC401,10,0.5,1.0,0.6932433900505448,0.18237194687639277,0.18237194687639277,0.7046744024508536,0.02304965430395538,False
SC401,15,1.0,1.5,0.6930947689949072,0.22848146878895625,0.22848146878895625,0.6968601709110003,0.023959765171365874,False
SC401,10,0.75,1.0,0.692659910306473,0.18642323051855625,0.18642323051855625,0.7013214885962414,0.025634504425842294,False
SC401,15,0.75,1.2,0.6924566231249877,0.19191592657750894,0.19191592657750894,0.7026748640306429,0.021860732038720843,False
SC401,0,0.25,1.0,0.6920830612931722,0.2072879035269482,0.2072879035269482,0.7031016439218596,0.01846500389227431,False
SC401,15,0.5,1.1,0.6920637605070339,0.18490291122890834,0.18490291122890834,0.7047883751012928,0.02270125980670824,False
SC401,0,1.0,1.5,0.6916682918076178,0.22606391456333325,0.22606391456333325,0.6970258540663596,0.0238453011022566,False
SC401,0,0.5,1.1,0.6915622946044004,0.1866014825762599,0.1866014825762599,0.7047823522878389,0.025885487753184548,False
SC401,5,0.75,1.1,0.691343039288698,0.1661401952085182,0.1661401952085182,0.7018717572679194,0.020886635482006984,False
SC401,20,1.0,1.0,0.6909397102717634,0.1715936507936508,0.1715936507936508,0.7029752265224865,0.048136312173257575,False
SC401,5,0.5,1.1,0.6908759106584366,0.17460671015394108,0.17460671015394108,0.7031356928986581,0.029704132431392753,False
SC401,5,1.0,1.35,0.6903639519220242,0.20497368825432324,0.20497368825432324,0.6953313469406363,0.029727545486332656,False
SC401,0,1.0,1.35,0.6902499703922234,0.21510084901663085,0.21510084901663085,0.6965767012428491,0.02662570850510477,False
SC401,15,1.0,1.2,0.6891654593170271,0.20594985756475662,0.20594985756475662,0.6952071038797203,0.028735225236971838,False
SC401,5,0.5,1.0,0.6891300197323076,0.16080013322238257,0.16080013322238257,0.7028581790631583,0.032144992796802545,False
SC401,15,1.0,1.35,0.6890163147149764,0.21547562451885813,0.21547562451885813,0.6931814082734651,0.025319631371626065,False
SC401,15,0.75,1.1,0.6868861560967824,0.16875982484779645,0.16875982484779645,0.6982927163082698,0.02115405856846882,False
SC401,0,0.5,1.0,0.6865767386555699,0.16447738842187143,0.16447738842187143,0.7009871881333939,0.02631425207205516,False
SC401,5,1.0,1.2,0.6864762964854182,0.18853516230353923,0.18853516230353923,0.692280696662473,0.03359397433518058,False
SC401,10,1.0,1.0,0.6863510657482632,0.17875051813112633,0.17875051813112633,0.6947461397277651,0.0411281949027066,False
SC401,10,1.0,1.1,0.6855898984149359,0.18670476866129043,0.18670476866129043,0.6928593799894616,0.036568033968837274,False
SC401,15,0.5,1.0,0.6855416060033519,0.1550249835559747,0.1550249835559747,0.6998919791047946,0.02717376729116664,False
SC401,0,0.75,1.2,0.685247560081305,0.1868891208748762,0.1868891208748762,0.694998931325145,0.020268100176064927,False
SC401,5,1.0,1.1,0.6826015101040459,0.17085435328091622,0.17085435328091622,0.6916528737611733,0.04656668742782626,False
SC401,0,1.0,1.2,0.6818802054019064,0.18126704213660733,0.18126704213660733,0.6905749635428394,0.035760020688411456,False
SC401,5,0.75,1.0,0.6805919400713524,0.12728758169934642,0.12728758169934642,0.6955747563028583,0.028794173375420368,False
SC401,15,0.75,1.0,0.6802792776010047,0.13707451806525067,0.13707451806525067,0.6951155254669711,0.02751369760573419,False
SC401,0,1.0,1.1,0.6791481834553423,0.17029324593109232,0.17029324593109232,0.6899088357234489,0.039734207199773455,False
SC401,15,1.0,1.1,0.6784925175005337,0.1673551280307442,0.1673551280307442,0.6888007705367614,0.042723679172361285,False
SC401,0,0.75,1.1,0.677942718311361,0.1565762268174824,0.1565762268174824,0.6889019593817023,0.025381281984764137,False
SC401,5,1.0,1.0,0.6752298990040143,0.14056715689818872,0.14056715689818872,0.6871619490196252,0.05284378330544729,False
SC401,0,0.75,1.0,0.6736783559565074,0.13850703175793194,0.13850703175793194,0.6878854702357303,0.031551976554810006,False
SC401,0,1.0,1.0,0.6724836570604635,0.1451137547955162,0.1451137547955162,0.6862569958865159,0.04748742865747987,False
SC401,15,1.0,1.0,0.669987465676283,0.1162226248657128,0.1162226248657128,0.6865774024519316,0.05346619750414705,False
SC402,0,0.75,1.75,0.6505187007070804,0.25897552581222205,0.21964968311559283,0.676375678553072,0.08356389502876985,True
SC402,10,0.5,1.75,0.6500134676226905,0.2818360743954486,0.24505613345155192,0.6744096213636859,0.08262874356440011,False
SC402,15,0.5,1.75,0.6495432526962353,0.2669280066998621,0.232839743789064,0.6765739001822971,0.08472208273461253,False
SC402,15,0.25,1.75,0.6493933141163385,0.29507317490592355,0.254016346102251,0.6776445549516671,0.0889833942159767,False
SC402,20,0.75,1.5,0.6490307993921289,0.24060680232773252,0.20742086499832973,0.6772937250018907,0.07967123309116156,False
SC402,20,0.75,1.35,0.6480963592783576,0.20748662326536338,0.20748662326536338,0.6728757843872796,0.06950594385407557,False
SC402,0,0.25,1.75,0.6480708571395988,0.28609357358984777,0.2521791755481595,0.6713798301233941,0.08575387031122039,False
SC402,5,0.5,1.75,0.647680412678277,0.2700097612553858,0.23293041258647912,0.6745439703792924,0.08140393177104233,False
SC402,0,0.5,1.35,0.6474891888078006,0.23204446992404693,0.20118411398999297,0.6748648029298232,0.0841043665518172,False
SC402,20,0.25,1.35,0.6473581290674959,0.25526633881053346,0.24579594942778646,0.6705264000690635,0.07400905343726268,False
SC402,0,0.5,1.5,0.646957966639618,0.24181310410296009,0.21112259400115074,0.672510898099398,0.08463957521157711,False
SC402,20,0.25,1.2,0.6469184298979649,0.23106785620975848,0.23106785620975848,0.6692744075894697,0.06883174077565281,False
SC402,10,0.75,1.75,0.6468693068647177,0.26651516219715254,0.2259517819154624,0.6727819346373977,0.07390848291755477,False
SC402,0,0.5,1.75,0.6465572794606305,0.25778218515095175,0.22376386759534492,0.6724062709431717,0.0806739557859971,False
SC402,20,0.25,1.75,0.6465242850707908,0.29222777910084413,0.25978417007828775,0.6727710483294418,0.08768481880541952,False
SC402,20,0.25,1.5,0.6464525294237596,0.2730164607794653,0.24473960497105826,0.6710272361557582,0.08225130802757653,False
SC402,20,0.5,1.2,0.6464387758736889,0.20803233693345086,0.20803233693345086,0.6698676048031235,0.07358754788849639,False
SC402,10,0.25,1.75,0.6462860356215017,0.28621655113949024,0.2507256527899721,0.6731010472274688,0.08328090338809171,False
SC402,20,0.75,1.2,0.6462850606055798,0.1891089176010545,0.1891089176010545,0.6715562326797725,0.06527762702953696,False
SC402,15,0.75,1.75,0.6462380711280851,0.24774661183830368,0.209179118725356,0.6749175850396265,0.0854519827179844,False
SC402,0,0.75,1.5,0.6453090542022865,0.23110688962981393,0.19873258683297595,0.6725494694294099,0.08234014259154512,False
SC402,20,0.25,1.1,0.6445850227575833,0.20833339719293678,0.20833339719293678,0.668258698980001,0.066829491252276,False
SC402,0,0.25,1.5,0.6445617381266583,0.25276786015695957,0.22657594096504044,0.6686805744285749,0.07794637561188875,False
SC402,15,0.5,1.5,0.6445258760654,0.2280306633065278,0.19804240039572962,0.6727612352446419,0.08065722270957033,False
SC402,20,0.5,1.35,0.6443481388610437,0.2250269531542378,0.210584372705862,0.669930311792223,0.07884260636883296,False
SC402,0,0.75,1.35,0.6440678557714643,0.22197998662376955,0.1907820462936166,0.6709960807815352,0.07857002625726096,False
SC402,0,0.25,1.35,0.6440530481318109,0.24153987345105285,0.22219932349460142,0.6677339513735673,0.07679739252158556,False
SC402,20,0.5,1.1,0.6439965693563882,0.18055892096069712,0.18055892096069712,0.6688501783535307,0.06835753826003825,False
SC402,10,0.25,1.35,0.6438947420431846,0.24712507118250854,0.22724973907541676,0.6705339656376978,0.07427742768471901,False
SC402,20,0.75,1.75,0.6438292763980229,0.2573322664935599,0.22009822394036843,0.6689167430831302,0.09002189406686317,False
SC402,15,0.5,1.35,0.6435098876898232,0.21705956908420426,0.1854021667075308,0.6728974770491398,0.07630858041197286,False
SC402,20,0.5,1.75,0.643424175270788,0.2633831917076233,0.23112373224816385,0.6676194364488106,0.0911296624347518,False
SC402,0,0.25,1.2,0.6432670337520664,0.22223819282194,0.21179518635105898,0.6672972650655428,0.0745769577173972,False
SC402,20,0.5,1.5,0.6431874485575255,0.2381121638415024,0.2053057699731616,0.6695753025324358,0.08282283421277264,False
SC402,15,0.75,1.2,0.6431333919798711,0.17025711948989103,0.17025711948989103,0.6702010048533176,0.05837847028312104,False
SC402,15,0.5,1.2,0.6430239808730742,0.16548533733203927,0.16548533733203927,0.6708375195178841,0.05793793257683533,False
SC402,5,0.25,1.75,0.6429865846334282,0.28769398289747977,0.24781598430146418,0.6702730707044204,0.0767398092131993,False
SC402,10,0.25,1.5,0.6426208711221673,0.254607924613981,0.22537880803512786,0.6702611313317004,0.07349448150993382,False
SC402,15,0.25,1.5,0.6425356263113506,0.25287118395784314,0.2228125439079367,0.6697172473170999,0.08040588368110857,False
SC402,5,0.5,1.5,0.6423961866644694,0.2418336420156017,0.20658492846500137,0.6699116467701454,0.08070453983736757,False
SC402,20,0.25,1.0,0.642270248184478,0.18411762564557596,0.18411762564557596,0.6664846760284575,0.06375548605688475,False
SC402,5,0.5,1.1,0.6422647398298326,0.17974230574362554,0.17974230574362554,0.6704872300947218,0.061680628013444684,False
SC402,10,0.25,1.0,0.6420847841620163,0.1829636158846738,0.1829636158846738,0.6693337972719802,0.06062002672494538,False
SC402,5,0.5,1.35,0.6418981212261521,0.22098261227475918,0.18849434936396106,0.6706999176790407,0.0824885201289205,False
SC402,15,0.75,1.5,0.6417818270822297,0.21618942899883517,0.18499148866868226,0.6716006259374984,0.07580837593880105,False
SC402,15,0.25,1.2,0.6417003453741279,0.19970647461201202,0.19970647461201202,0.6671290488322693,0.060396118950708386,False
SC402,15,0.25,1.35,0.6416336478897444,0.23836627015610193,0.21418460386917246,0.6685590057918193,0.07806572438492826,False
SC402,10,0.75,1.5,0.6414064251765733,0.24013695557732545,0.2023146060071249,0.6681377026889581,0.07789094928133358,False
SC402,10,0.5,1.5,0.6413756631975954,0.21779942445978678,0.1853111615489886,0.6714322020671515,0.07202389894310728,False
SC402,10,0.25,1.1,0.6409117919646302,0.19247695685091956,0.19247695685091956,0.6683524014708447,0.06466182008886825,False
SC402,10,0.5,1.0,0.6407893286524601,0.14736196607164348,0.14736196607164348,0.6686309463195761,0.05577645045334274,False
SC402,5,0.25,1.35,0.6405593575235405,0.2396856206336709,0.221321172057742,0.6649046947449294,0.07112025990446268,False
SC402,0,1.0,1.75,0.6404058485475468,0.24967669077343224,0.21217669077343224,0.6633571009488133,0.0776099324172634,False
SC402,0,0.25,1.1,0.6403710155471556,0.20315168753876334,0.19811450410471168,0.6657418249969649,0.07427851782107633,False
SC402,15,1.0,1.75,0.6403406021062067,0.21441937492023344,0.17731792564487114,0.6698015565900582,0.0788863201619289,False
SC402,10,0.5,1.1,0.6402351798507155,0.16574862658495998,0.16574862658495998,0.6684713144459565,0.0601401224964371,False
SC402,0,0.5,1.2,0.6401947871603961,0.2016496098064969,0.17400983174418366,0.6676777032547532,0.08062551993048958,False
SC402,5,0.25,1.2,0.6401388260570682,0.2248721029267458,0.21251159675422446,0.6647819089023608,0.07271896404607701,False
SC402,5,0.75,1.75,0.6401202028164219,0.2598194714572711,0.22140139236122583,0.6643854358877173,0.07905518980534626,False
SC402,10,0.5,1.35,0.6398614553293183,0.19811568951141692,0.17079259176578396,0.6698331508252321,0.07292621181155709,False
SC402,15,0.5,1.1,0.6396965308922999,0.14834128461196067,0.14834128461196067,0.6692332046092455,0.05758459794402819,False
SC402,15,0.75,1.1,0.6394295129789027,0.15651143633102552,0.15651143633102552,0.6677985826632875,0.0570877387479822,False
SC402,10,0.5,1.2,0.639184964350906,0.1793696839847184,0.16862477058300324,0.6684111039114551,0.06506200125793911,False
SC402,5,0.5,1.2,0.6391276883047559,0.20232681988371343,0.17291548004983837,0.6684485723984231,0.07760618536042972,False
SC402,0,0.75,1.0,0.638377448092858,0.1460074470680889,0.1460074470680889,0.6650978368004725,0.05441064290607691,False
SC402,0,0.5,1.0,0.6383721782606311,0.1478257204383557,0.1478257204383557,0.6660184848324441,0.05353878391540313,False
SC402,5,0.25,1.5,0.6383268908025166,0.25163396955812617,0.21622946580499858,0.6647149089655034,0.07507990687044186,False
SC402,5,1.0,1.75,0.637805544006764,0.22971989929448888,0.19041354091298596,0.6640131666788377,0.0780577754755175,False
SC402,15,1.0,1.35,0.6377244950112597,0.16545348832304135,0.1625330965497299,0.6667323690732734,0.06609231572214926,False
SC402,0,0.75,1.2,0.6376609238536651,0.19519021048637772,0.16512618999982204,0.6656207336243837,0.07418201076969441,False
SC402,20,0.5,1.0,0.6365711809321768,0.14623643103243392,0.14623643103243392,0.6643744996231404,0.05805798890855346,False
SC402,5,0.75,1.1,0.6365607036369407,0.17795840755580397,0.17795840755580397,0.6619759937660736,0.05303346601964338,False
SC402,15,0.75,1.35,0.6365394521627357,0.18946155281597524,0.16293073671368777,0.6663812558578761,0.07594900234942932,False
SC402,5,0.75,1.5,0.6363154321484267,0.22900985319589967,0.18947496947496947,0.664269593481528,0.07809017810089791,False
SC402,10,0.25,1.2,0.6362554175254187,0.19374555620192618,0.18577465307196356,0.6645767419446222,0.06718638643238549,False
SC402,15,0.5,1.0,0.6359568056896459,0.13640678980857207,0.13640678980857207,0.6663669534825144,0.05431946138766636,False
SC402,10,0.75,1.2,0.6357551479314437,0.17569002393455357,0.17569002393455357,0.6608826607719848,0.06085998984129069,False
SC402,20,0.75,1.1,0.635609369909078,0.14683550741672174,0.14683550741672174,0.663067247273684,0.06325907588000647,False
SC402,0,0.25,1.0,0.6355559226118196,0.171287719880928,0.171287719880928,0.6627333180761219,0.06349930017450534,False
SC402,15,0.25,1.0,0.6348014626831958,0.15606245686041736,0.15606245686041736,0.6613730504069527,0.056924026566927466,False
SC402,5,0.25,1.0,0.6347228448520617,0.17307526709102936,0.17307526709102936,0.6607028102643504,0.05932281053994898,False
SC402,0,0.5,1.1,0.6346303227286796,0.16047320264358803,0.15007942974981514,0.6645701243195907,0.06482860527498738,False
SC402,15,0.25,1.1,0.6345482827691786,0.16635278841510942,0.16635278841510942,0.6603165630529851,0.05889207163837519,False
SC402,5,1.0,1.5,0.6342971694644494,0.21652328883759547,0.17652328883759547,0.6617211326621426,0.07388237991719901,False
SC402,5,0.75,1.35,0.6339267568726179,0.2154146246927863,0.1754146246927863,0.6621131565007278,0.07647038253185288,False
SC402,15,1.0,1.0,0.6338854095335255,0.11519335926670755,0.11519335926670755,0.6646030036579357,0.053907599474371154,False
SC402,15,1.0,1.2,0.6337183131235756,0.13516621842900234,0.13516621842900234,0.6638041760852986,0.05567494511150197,False
SC402,15,1.0,1.5,0.6336587925428392,0.1884746512070336,0.1510477506222383,0.6640089760609753,0.08104303928438066,False
SC402,5,0.5,1.0,0.6335657217620965,0.13647082659632365,0.13647082659632365,0.6655340696786686,0.054088830196933634,False
SC402,5,0.25,1.1,0.6334044421410808,0.1841177016590823,0.1819877981221048,0.6598882820105363,0.0630339983739567,False
SC402,15,1.0,1.1,0.6333963361587227,0.12448216736982114,0.12448216736982114,0.6635631687437938,0.0545655421662692,False
SC402,10,1.0,1.75,0.6330674667406033,0.2217819278494078,0.1850003186540055,0.6602548258359366,0.08037997779520727,False
SC402,20,1.0,1.2,0.6329408671291802,0.15792025372503024,0.15792025372503024,0.6571993522711423,0.057808845682021916,False
SC402,10,0.75,1.1,0.6314983920280979,0.14637102615694167,0.14637102615694167,0.6578616312986502,0.05246798324805792,False
SC402,10,0.75,1.35,0.631344513474802,0.1874964770777679,0.15679925894308916,0.6597611967172075,0.07104725643147042,False
SC402,20,1.0,1.75,0.6311785561348104,0.22726171029598013,0.19129440784366408,0.6560486169996496,0.08312645304102532,False
SC402,15,0.75,1.0,0.6308788055737775,0.11791167537501974,0.11791167537501974,0.6627654676394916,0.05395955604787291,False
SC402,20,1.0,1.35,0.6308471893175056,0.17748776669215668,0.1722968726592208,0.6565556799934834,0.06331769580653578,False
SC402,0,0.75,1.1,0.6301090272201683,0.1563404669683616,0.1358668849609999,0.66026903471948,0.06629768173344662,False
SC402,0,1.0,1.5,0.63008791092967,0.20714582948978127,0.16888495992456387,0.6566990552439967,0.07634086516076258,False
SC402,10,1.0,1.5,0.6298727575920866,0.19735977420424614,0.15960166210985086,0.6587885039459465,0.0734793919157336,False
SC402,20,0.75,1.0,0.6289248221805573,0.1126290124516168,0.1126290124516168,0.659483909841795,0.056504078978673586,False
SC402,5,1.0,1.35,0.6284056127404403,0.19366864737214567,0.15366864737214564,0.6574859331780102,0.07122561642749917,False
SC402,20,1.0,1.5,0.6274606533875282,0.1941491620966608,0.15672226151186547,0.6550903848445078,0.07566582821387505,False
SC402,5,0.75,1.2,0.6264210738430285,0.18197000828122079,0.15057597029443479,0.6568293327094824,0.0645919748989336,False
SC402,20,1.0,1.1,0.6250749174264753,0.12354473879124375,0.12354473879124375,0.6526513831801581,0.05498568037394117,False
SC402,10,1.0,1.35,0.6250300350901573,0.17231480535855376,0.13444498287334666,0.6558562127374697,0.07132635404635237,False
SC402,5,1.0,1.0,0.6246998027699446,0.12040472643496476,0.12040472643496476,0.6523440811589245,0.05125273862045361,False
SC402,10,0.75,1.0,0.6246958200391519,0.12262202605304288,0.12262202605304288,0.6531189753688926,0.05243094040042549,False
SC402,5,0.75,1.0,0.6243381533829224,0.12637054156043787,0.12637054156043787,0.6529536191610558,0.051978580114498504,False
SC402,0,1.0,1.35,0.6243261387352285,0.18658816805466968,0.14765011495732455,0.6520225879916118,0.0712879066800207,False
SC402,5,1.0,1.1,0.6243178703508033,0.13157366054667144,0.13157366054667144,0.6527681927233779,0.05210172608786755,False
SC402,20,1.0,1.0,0.6238026128882899,0.1012579550065373,0.1012579550065373,0.651413711596043,0.051245517818480815,False
SC402,5,1.0,1.2,0.6236686320480418,0.149265427388264,0.14502283530850774,0.6521720812490848,0.054720193508896904,False
SC402,10,1.0,1.2,0.6229002714254845,0.14164785955081755,0.13892001970507378,0.652748125644846,0.05793396769471813,False
SC402,0,1.0,1.1,0.6216180574877058,0.13588772761105056,0.13588772761105056,0.6486620706153596,0.051132202101515166,False
SC402,10,1.0,1.0,0.6212544642141642,0.09200336611791286,0.09200336611791286,0.6515392005430913,0.054191110771822114,False
SC402,0,1.0,1.2,0.6208262220386617,0.15723592445225137,0.1348307654446755,0.6487839478589522,0.06103028635375308,False
SC402,0,1.0,1.0,0.6195404123012904,0.11477493933485876,0.11477493933485876,0.6475384393681857,0.050249575391811165,False
SC402,10,1.0,1.1,0.6181839250074243,0.12068654331231428,0.11985945172493465,0.6492411410238341,0.05819465973453577,False
SC403,5,0.5,1.2,0.6958273561212611,0.35085916511879767,0.35085916511879767,0.716539306657876,0.058239840680796344,True
SC403,5,0.75,1.1,0.6945980342693179,0.3388303801127523,0.3388303801127523,0.7173623332909814,0.051203133245555754,False
SC403,5,0.75,1.2,0.6945333752476659,0.3338445614152291,0.3338445614152291,0.7161041332775483,0.054566364549491694,False
SC403,5,1.0,1.2,0.69390885997005,0.3346096548274481,0.3346096548274481,0.7179400274680201,0.05455156612245149,False
SC403,5,0.75,1.0,0.6932061175634552,0.32419364931570044,0.32419364931570044,0.7184458907319959,0.05737098892043975,False
SC403,5,0.5,1.1,0.6924467476725726,0.33586064623884393,0.33586064623884393,0.715884108205793,0.0551639741684457,False
SC403,15,0.75,1.1,0.6923501099479145,0.33899083169332733,0.33899083169332733,0.7125709672827475,0.07126321025515735,False
SC403,15,0.75,1.2,0.6916524563830102,0.34242556714687866,0.34242556714687866,0.7090540176734266,0.06254217388240599,False
SC403,5,0.5,1.0,0.691305546511831,0.3329027396686824,0.3329027396686824,0.7169660887781947,0.0593334929881979,False
SC403,5,1.0,1.1,0.6900250953055993,0.31670726806022614,0.31670726806022614,0.7139323505389734,0.05332881940213003,False
SC403,5,0.25,1.0,0.6893493742477625,0.3589375773519008,0.3589375773519008,0.7145388139989887,0.05526329319204516,False
SC403,0,0.75,1.2,0.6889826668385016,0.3229770167879099,0.3229770167879099,0.7073708357468654,0.06476055649984155,False
SC403,15,0.25,1.2,0.6887184437945344,0.37246816533697247,0.37246816533697247,0.7073389521639932,0.055410309205307304,False
SC403,0,0.75,1.1,0.6885525891932888,0.3068832954773714,0.3068832954773714,0.7097949583726014,0.0662229290468035,False
SC403,20,1.0,1.35,0.688529376431174,0.3279576037717068,0.3279576037717068,0.7033007317610431,0.06476548966394251,False
SC403,5,0.25,1.1,0.6882847060003459,0.36398110548823537,0.36398110548823537,0.7128557353987137,0.05463701034821572,False
SC403,5,0.25,1.2,0.6879899562138447,0.3720030007287099,0.3720030007287099,0.7113081880559713,0.051291767118709766,False
SC403,10,0.75,1.2,0.6879076395929422,0.330337569822041,0.330337569822041,0.7070829360417082,0.05694640088900222,False
SC403,20,0.75,1.2,0.6878125544039331,0.3278420981533302,0.3278420981533302,0.7026352187225259,0.06491499597491303,False
SC403,20,0.5,1.1,0.6877674445224482,0.31524162853673576,0.31524162853673576,0.7080514877300669,0.06634507610516233,False
SC403,15,0.5,1.0,0.6876451673703606,0.33267226319943527,0.33267226319943527,0.71064202414108,0.06668660668495269,False
SC403,20,0.5,1.0,0.687349408186338,0.32257972266181223,0.32257972266181223,0.708909920975972,0.07007900977983446,False
SC403,20,0.25,1.2,0.6871617561111629,0.3757331067033423,0.3757331067033423,0.7066413622224654,0.0526735633449883,False
SC403,0,0.5,1.0,0.6869969274171168,0.31808907609679754,0.31808907609679754,0.7117097186660638,0.07237841532635192,False
SC403,5,0.75,1.35,0.6867504211994246,0.353431542301884,0.353431542301884,0.706079464117279,0.058960043313915474,False
SC403,5,1.0,1.35,0.6867037209955493,0.3201939891836365,0.3201939891836365,0.7075900114567745,0.0557766136444066,False
SC403,15,0.25,1.1,0.6865962901167417,0.36444634784864144,0.36444634784864144,0.7062515227498587,0.05426100277338951,False
SC403,5,1.0,1.0,0.6865294091571424,0.31301309444348574,0.31301309444348574,0.710859384248908,0.05471645547372492,False
SC403,20,0.75,1.35,0.6864996069754954,0.3514499531920745,0.3514499531920745,0.6977764979472678,0.0702669463382202,False
SC403,5,0.25,1.35,0.6860419524243524,0.39484397008471467,0.3931144019429328,0.7088324496589465,0.052892285421772024,False
SC403,15,0.5,1.1,0.6860296509132484,0.33013419190640825,0.33013419190640825,0.707989679921569,0.06467984876276688,False
SC403,20,0.25,1.35,0.6856597341439297,0.3808798164397346,0.3808798164397346,0.7059247006446422,0.04715677416906116,False
SC403,15,1.0,1.35,0.6855849992866331,0.33897047422289384,0.33897047422289384,0.6981467926859518,0.06409965888327997,False
SC403,15,0.75,1.35,0.6846888508681748,0.3361031461917324,0.3361031461917324,0.6994032895457512,0.056463874269183416,False
SC403,20,0.5,1.2,0.6844668149335691,0.3276353051024331,0.3276353051024331,0.7043270572164031,0.058326160275935526,False
SC403,20,1.0,1.2,0.6844264431819049,0.3430938812863581,0.3430938812863581,0.6986682625583633,0.06604385427779841,False
SC403,20,0.5,1.35,0.6841747886071443,0.351466961877428,0.351466961877428,0.7015256135363044,0.05655560057066815,False
SC403,5,0.5,1.35,0.6840586227845765,0.3646446646977628,0.35687287822340596,0.7055323549647212,0.05886779264748106,False
SC403,5,0.75,1.5,0.6838143631653983,0.3695445218639656,0.3486810995719719,0.7046643174931269,0.06942899283961933,False
SC403,0,0.25,1.5,0.6836216216076518,0.3906065104257245,0.3906065104257245,0.7030678350474004,0.058933953901427374,False
SC403,0,0.25,1.0,0.6834274046433523,0.33406120760959473,0.33406120760959473,0.7066508384860616,0.05500686070335341,False
SC403,0,0.75,1.0,0.6834014597086208,0.30791938739208385,0.307801055061855,0.7042436790466058,0.06622777933666979,False
SC403,15,0.5,1.35,0.682958324589818,0.36204027930742827,0.36204027930742827,0.6992697741071133,0.060176936786574174,False
SC403,5,1.0,1.5,0.6826079330514764,0.357211145315172,0.333504101522045,0.7032418782474346,0.07090405070002405,False
SC403,5,0.5,1.5,0.6825517619511123,0.38955479754387534,0.36250709854542607,0.7040659373308683,0.06591991040218366,False
SC403,0,0.75,1.5,0.6824510175655764,0.3720868612131752,0.3518790496290115,0.699517002565759,0.06964636530574995,False
SC403,20,0.5,1.5,0.6823561532055737,0.359028895512864,0.359028895512864,0.7000401263901253,0.05905651095818187,False
SC403,15,0.75,1.0,0.6823523115821718,0.31427550605238685,0.31427550605238685,0.703876717735054,0.06760775069356213,False
SC403,20,0.75,1.1,0.6818808522039332,0.3223150467832571,0.3223150467832571,0.6990943331158335,0.07079701585446316,False
SC403,10,0.5,1.0,0.6815388565762831,0.3117786017956345,0.3117786017956345,0.7044611109305989,0.06601043476155605,False
SC403,10,0.5,1.2,0.6815053186970254,0.3459343241530243,0.3459343241530243,0.7028132400420117,0.05648939073502941,False
SC403,15,0.25,1.0,0.6814482361250893,0.3411630943891221,0.3411630943891221,0.7028679023091856,0.05792369154984316,False
SC403,0,0.75,1.35,0.6810233562599249,0.3298359538013305,0.3298359538013305,0.6994421852010326,0.0639375314813953,False
SC403,10,0.5,1.1,0.6809157012616355,0.3212154671347084,0.3212154671347084,0.7035250544494294,0.06136051513472299,False
SC403,0,0.5,1.1,0.6809030622376734,0.32236246979455807,0.32236246979455807,0.7041725888607251,0.07045637434175912,False
SC403,10,0.75,1.1,0.6804902820442391,0.3156984943680128,0.3156984943680128,0.7003790462575765,0.06267065913076007,False
SC403,0,0.25,1.1,0.6803521773517218,0.3463978744350028,0.3463978744350028,0.7011748778307603,0.058611657144361125,False
SC403,0,0.5,1.35,0.680106639043113,0.3528006552809827,0.3528006552809827,0.6991723398966658,0.06214132504854841,False
SC403,20,0.75,1.0,0.6800471753478645,0.3109301898788318,0.3103366132261801,0.6984327731694926,0.06743818087541621,False
SC403,0,0.25,1.35,0.6800211169809243,0.3678702791778926,0.3678434798891045,0.7005889701611416,0.058983716832389115,False
SC403,15,0.25,1.35,0.679941776929258,0.37867684692773185,0.36317276819761457,0.7003964563564612,0.059665240558396934,False
SC403,0,0.25,1.2,0.6798023174963725,0.35492407950472465,0.35296159754224266,0.7010452163920623,0.06066153809774348,False
SC403,20,0.25,1.1,0.6797896599884459,0.3345638925190625,0.3345638925190625,0.7023475033032337,0.05617320694803033,False
SC403,15,1.0,1.2,0.6796398723167276,0.3311829560363627,0.3311829560363627,0.6967517827147593,0.06713233692207131,False
SC403,10,1.0,1.35,0.6795514764193724,0.32154630794800354,0.32154630794800354,0.6962941282222873,0.06018892710785919,False
SC403,0,1.0,1.2,0.6795052245784194,0.3167490738302388,0.3167490738302388,0.697016477796521,0.06257289664751928,False
SC403,20,0.25,1.0,0.6794654322047672,0.3304442688425976,0.3304442688425976,0.7023061098874404,0.059162407392371275,False
SC403,5,0.25,1.5,0.6794390815287009,0.39445807674487837,0.3815678654382063,0.7038772330179642,0.05362523276977762,False
SC403,0,0.5,1.2,0.6793797393125687,0.32808548316990904,0.32808548316990904,0.7013841516595859,0.06313117626310337,False
SC403,15,0.5,1.2,0.6791736774122423,0.32336776119238153,0.32336776119238153,0.6997383463840927,0.05538077069997863,False
SC403,20,0.25,1.5,0.6791361821230397,0.3798689440424467,0.3798689440424467,0.6989139977299332,0.05587468710912133,False
SC403,10,0.5,1.5,0.6771310365669553,0.37361259329733554,0.35866130513972566,0.6961266907163512,0.0628504484684644,False
SC403,15,0.5,1.5,0.6767398183806036,0.3792098307760958,0.34466986094200835,0.6962713034192282,0.06571500535946437,False
SC403,10,1.0,1.2,0.6765641983521936,0.32401685916812384,0.32401685916812384,0.693746095788678,0.05855255337186292,False
SC403,10,0.25,1.1,0.6762934206410454,0.3494406546536834,0.3494406546536834,0.6985796663779695,0.054031710884929945,False
SC403,0,1.0,1.35,0.6762114512020269,0.32067981652901384,0.32067981652901384,0.6907165563919778,0.07122092083511297,False
SC403,20,1.0,1.1,0.6758932080564498,0.3017821678755793,0.3017821678755793,0.6935641607015418,0.06850334710726375,False
SC403,20,0.5,1.75,0.6758494132015114,0.3946096971483969,0.3442610983787454,0.695067331343395,0.07625381097508435,False
SC403,0,1.0,1.1,0.6756177193327367,0.3054794700640605,0.3054794700640605,0.6940052670551704,0.06501147097195659,False
SC403,10,0.75,1.35,0.6755487527847638,0.32711418051633945,0.32711418051633945,0.6918464803552078,0.05869840485306129,False
SC403,15,0.25,1.5,0.6755487281674346,0.38676512346783104,0.35841776659934743,0.6972454334085297,0.06336236418300002,False
SC403,20,0.75,1.5,0.6751321196889719,0.3505113068459512,0.34642572355506995,0.6878448656891379,0.06475889706473754,False
SC403,10,0.25,1.35,0.6750678090863353,0.3714242338906793,0.3693601793996407,0.69574759985266,0.05955849610135798,False
SC403,10,0.25,1.2,0.6749330378805876,0.3517200167249622,0.3517200167249622,0.6963962934796925,0.0513717280171222,False
SC403,20,0.25,1.75,0.674801939259439,0.39501104061678777,0.37117852628867665,0.6956245370956721,0.06814173797865286,False
SC403,20,1.0,1.0,0.6747161569560954,0.29664875633786714,0.29664875633786714,0.6923238325429877,0.06857552383938129,False
SC403,15,0.75,1.5,0.6746956987839641,0.35994455718597684,0.32677664982452104,0.6929265768168451,0.07091932078374513,False
SC403,5,0.5,1.75,0.6745185098006322,0.3942192961535196,0.34979571764543405,0.6993140475444412,0.07244488199724887,False
SC403,10,1.0,1.1,0.6743388419115247,0.31518486227377074,0.31518486227377074,0.6911576651604634,0.05991693917361666,False
SC403,20,1.0,1.5,0.6743100652408023,0.34027611044417766,0.3379128662959437,0.6859195355085802,0.08029695324558535,False
SC403,10,0.75,1.0,0.6740588795314928,0.29576339375081007,0.29576339375081007,0.6958961326583182,0.06739632708334833,False
SC403,0,0.5,1.5,0.6740578970683214,0.3628333136134535,0.34415752460440474,0.6938917557167017,0.06545730002940985,False
SC403,10,0.25,1.0,0.6735726962891337,0.3336117068380743,0.3336117068380743,0.6979918766116598,0.05783959859218281,False
SC403,10,0.5,1.35,0.6730782054419926,0.34587135257642176,0.33245199773771206,0.6929391087965091,0.06116600492194783,False
SC403,15,0.75,1.75,0.6718131624832194,0.3813362088817783,0.3164955509376721,0.6941518545604743,0.07575087702425752,False
SC403,0,1.0,1.0,0.6716502447475892,0.291047208474755,0.291047208474755,0.6914192169914158,0.06840678684946902,False
SC403,15,1.0,1.1,0.6712107866993666,0.31186525145335214,0.31186525145335214,0.6904010297338876,0.07213070592818027,False
SC403,5,0.75,1.75,0.6706699268610219,0.3820822953145504,0.31988473704596,0.6962649205386408,0.07204640676345307,False
SC403,15,1.0,1.5,0.6705266897804769,0.33960037402472454,0.3279337073580579,0.6841167919890057,0.07795028462137295,False
SC403,5,0.25,1.75,0.669490471492941,0.38829967072324567,0.3621703174894148,0.697227452085963,0.05645660430557999,False
SC403,5,1.0,1.75,0.6691051854959851,0.36525316003452285,0.3011645157272424,0.6940780786170279,0.07276751721423765,False
SC403,15,0.25,1.75,0.6689030976431029,0.3971639825772533,0.35669725926940854,0.6920058312874524,0.07204645178472015,False
SC403,0,0.25,1.75,0.6682834575587343,0.383166119553635,0.3510174947215434,0.6898282843501696,0.06879843509698634,False
SC403,15,0.5,1.75,0.6680769202245893,0.38509740866273184,0.32248240252711413,0.6917338265202679,0.07839083105772526,False
SC403,0,1.0,1.5,0.6678018671669085,0.3341352684467259,0.31179312353507,0.6839146307115852,0.0752960340325754,False
SC403,0,0.5,1.75,0.6677681698542176,0.3726118605958903,0.32728680746863076,0.6908775210448922,0.06776804466998358,False
SC403,10,0.25,1.5,0.6670923659288788,0.3775616209024293,0.35247077886453054,0.6891900466180793,0.062223151093153774,False
SC403,0,0.75,1.75,0.6665863326917663,0.37266646887788796,0.31179269031049717,0.688632411171225,0.07798997058541711,False
SC403,20,0.75,1.75,0.6664032663698233,0.36891757140930476,0.31842508101461386,0.6835733929626807,0.08453504613287496,False
SC403,10,1.0,1.0,0.6659469509803053,0.2829888694906895,0.2829888694906895,0.6853668522348455,0.06797242771880517,False
SC403,15,1.0,1.0,0.6659037348012403,0.2844280164371039,0.2844280164371039,0.6869695042037323,0.0717217878361884,False
SC403,10,0.5,1.75,0.6655442887107339,0.38131338269755793,0.3287973758439192,0.6878128978537887,0.07441307080409147,False
SC403,10,0.25,1.75,0.6652207166179381,0.4024549288778723,0.36156603698020173,0.6884915041037603,0.07163063371605163,False
SC403,10,0.75,1.5,0.6640260899804631,0.33216337628228876,0.296349780250709,0.6829649228852027,0.06780239300095543,False
SC403,20,1.0,1.75,0.6623571946326817,0.3527231681750501,0.30190532582957524,0.6772281497490041,0.09003541468424603,False
SC403,10,0.75,1.75,0.662230311392211,0.36041770264362977,0.29767376554624436,0.6838493929046988,0.07837543758415519,False
SC403,15,1.0,1.75,0.6563773576883031,0.3548974927791851,0.28978115606883403,0.6745851052044923,0.08747670039519198,False
SC403,0,1.0,1.75,0.6558547984540588,0.35287306159388987,0.29341331860936326,0.6736097856005389,0.08399755752310928,False
SC403,10,1.0,1.5,0.6555436722134109,0.314029294140128,0.267458782660681,0.6734694698029519,0.0802478222586865,False
SC403,10,1.0,1.75,0.6517397237031342,0.3361232247525928,0.272763552525493,0.6707981328755018,0.08754899719312004,False
SC404,5,0.75,1.35,0.6810606387849756,0.34423777695032753,0.29683036954292014,0.7044461571065306,0.10967507049634927,True
SC404,5,1.0,1.5,0.6799901956811409,0.3398540694387421,0.2945338723944071,0.7010257186694469,0.1089203167260149,False
SC404,5,0.5,1.35,0.6793501474486605,0.3616635397465659,0.322040898237132,0.7006096374467706,0.1043652309202731,False
SC404,10,1.0,1.75,0.6791433616122738,0.35651925623373804,0.3071020068164886,0.7036719028765738,0.09391706206727654,False
SC404,5,0.5,1.2,0.6785890699580182,0.32485092942577537,0.28451130678426595,0.7013619453105978,0.10369861801859886,False
SC404,10,0.25,1.5,0.6784133356764894,0.39886185868342944,0.3527203464576271,0.7097315267713619,0.08556067999962447,False
SC404,10,0.75,1.5,0.6783848719478682,0.3530215225311142,0.30349771300730466,0.7031609846793275,0.09469743421525816,False
SC404,15,0.5,1.35,0.6782692883710618,0.34248287736334077,0.29888217097798897,0.7034894557516056,0.09160909078668925,False
SC404,5,0.75,1.2,0.6775959966085404,0.32605940319087734,0.28161495874643283,0.7005083630924892,0.11041539625797704,False
SC404,5,1.0,1.35,0.6768683379309259,0.3262537198117894,0.28247262528442624,0.6978720553848892,0.10935262649814198,False
SC404,10,0.75,1.35,0.6767663897817453,0.3559169521180524,0.30764109004908685,0.6991730253573307,0.09515835697981141,False
SC404,10,0.25,1.2,0.6767278712995068,0.36410711024471487,0.322721197320165,0.7046960927191094,0.08385237949260474,False
SC404,10,1.0,1.5,0.6766381439853426,0.3290245343263716,0.2835924355609395,0.6988242774253371,0.09536759905323487,False
SC404,10,0.25,1.35,0.6762854625530332,0.3821847036964918,0.3373863654586522,0.7061951711751528,0.08599423077029215,False
SC404,5,0.25,1.5,0.6749996309115953,0.3920449493226402,0.34959842244950495,0.7027272100012435,0.09667459202267267,False
SC404,10,0.5,1.35,0.6748665738567744,0.34227377399046544,0.29744871445575216,0.7020156899484155,0.08506190335986943,False
SC404,5,0.25,1.35,0.6746622450017011,0.36744779740902767,0.32808164800763995,0.7030774426654739,0.08623288720549462,False
SC404,15,0.75,1.35,0.674469756856453,0.3384195624494922,0.29188490898414565,0.6977303776498716,0.09724014728421818,False
SC404,15,0.75,1.5,0.6742675195885786,0.3430903422359733,0.29648840048840047,0.6974625516937676,0.0986338612990306,False
SC404,10,0.5,1.5,0.6733585493918156,0.37271784080509596,0.3246808893039413,0.7000456503816481,0.08948732264005044,False
SC404,5,0.5,1.1,0.6731468995027852,0.29888772070778813,0.25987277339095405,0.6969887206400169,0.10326332211435112,False
SC404,5,0.25,1.2,0.6728453921056123,0.3302667700619728,0.29203974892051554,0.7005467914709687,0.09057794504284544,False
SC404,20,0.75,1.35,0.6723100022906248,0.36170080401045396,0.32147589458590214,0.6939242728237763,0.10200619412592406,False
SC404,5,1.0,1.75,0.6722459718742456,0.3552129303056095,0.3102588018652425,0.6936767329256479,0.1062874873497359,False
SC404,5,0.25,1.1,0.6720018196011583,0.31831495463277915,0.2823206986474687,0.6982279908561926,0.09359592229020511,False
SC404,5,0.25,1.0,0.671782838473367,0.3020166865874183,0.2733481934367334,0.697704456385835,0.08631099830664027,False
SC404,15,1.0,1.5,0.671629523376885,0.3369005806579729,0.28972613348352577,0.6937674153380146,0.09638766159693929,False
SC404,15,1.0,1.0,0.6715910407667924,0.26494406052492375,0.26494406052492375,0.6904707480936307,0.09736904372047311,False
SC404,10,0.25,1.1,0.6714060431863932,0.32880344491948477,0.2937043031615682,0.6997614491424333,0.08280318685602073,False
SC404,20,0.25,1.2,0.6712227730705009,0.35133478711260896,0.30876821411648964,0.6985385643350435,0.08784289085507183,False
SC404,10,1.0,1.35,0.6710792832711295,0.3197902372458078,0.2775791819694259,0.6916728186301343,0.09599905463819192,False
SC404,20,0.25,1.1,0.6709216566813092,0.3477511172837212,0.3054897342510138,0.6965129746037544,0.08840353895175045,False
SC404,15,0.25,1.5,0.6709163580477095,0.3779967929892397,0.3351723218628818,0.6983154569313129,0.09256141060315395,False
SC404,0,0.75,1.35,0.6703383589226913,0.3122392193502378,0.26563727760266503,0.6967962954638123,0.10785814196362468,False
SC404,5,0.75,1.5,0.6702857416875627,0.3479320008506141,0.3035901994649328,0.6924620004028725,0.10863512925296961,False
SC404,0,1.0,1.5,0.6700723783007796,0.3192471707761134,0.27275806665989066,0.6948514368544026,0.10572473459709886,False
SC404,15,1.0,1.35,0.6699556094444228,0.31356962593996407,0.26868184539133566,0.6923669789581828,0.11364828311188598,False
SC404,20,0.25,1.35,0.6698695957284302,0.36404887376095474,0.3207485120894223,0.6992566129694889,0.0842369669325752,False
SC404,0,0.5,1.35,0.669704724250499,0.3388545993311009,0.2895395308379502,0.6986037883482992,0.09738406719732874,False
SC404,5,1.0,1.2,0.6696994960359623,0.2909130671453501,0.24758813011764227,0.6924099563742849,0.10323423291403487,False
SC404,5,0.5,1.0,0.6696155853912508,0.2780318536444849,0.23936505422197288,0.6953244008590854,0.10118667772857627,False
SC404,15,0.5,1.2,0.6695987136561034,0.3086758768621124,0.26798864716770626,0.6944965599142765,0.09562170437401019,False
SC404,15,0.5,1.5,0.6695949163905324,0.3589611927247943,0.3122651574825036,0.695266794033133,0.09733357027764261,False
SC404,0,0.25,1.0,0.6695551598274209,0.2969154170722572,0.2704297458807037,0.6990060709943655,0.08586739534065443,False
SC404,15,0.75,1.2,0.6690003952702309,0.3029010333439863,0.25690103334398634,0.6948281942366371,0.11520638506349705,False
SC404,15,0.25,1.1,0.6686938890264704,0.3131018306312424,0.28634858387799567,0.6925757272834019,0.08935202859926752,False
SC404,15,0.25,1.0,0.6686706068895977,0.29998135886272975,0.2760929543291639,0.6929345677371518,0.08801661622573868,False
SC404,10,0.25,1.75,0.6685182652849753,0.3924853779263657,0.34981255532374933,0.7022363827415625,0.08997508392475102,False
SC404,15,0.5,1.0,0.6684273922504232,0.2943815556046811,0.25945297439149567,0.6924271150026143,0.10578521325226518,False
SC404,0,0.5,1.2,0.6682295083218014,0.301824275797478,0.260902374674956,0.6938172932851735,0.09393616515758936,False
SC404,0,0.25,1.35,0.6682236992710893,0.3513524507094388,0.3102137110701369,0.7001924018815102,0.09501026091009333,False
SC404,15,0.25,1.2,0.6680786451097493,0.33222890019006523,0.294001879048608,0.6929172793927998,0.08923928335454971,False
SC404,15,0.25,1.35,0.6680452923612838,0.34870132031458495,0.3060701259190892,0.6950784931587932,0.08428062925979692,False
SC404,5,0.5,1.5,0.667912203066162,0.3472722047795446,0.3043932562953386,0.6931780424625629,0.09253390963902716,False
SC404,10,0.5,1.2,0.6678710284296872,0.31978412097535847,0.27471279101677587,0.6955743833701569,0.08838977186947462,False
SC404,20,0.25,1.0,0.6676241550673482,0.3236402419924114,0.2948442350884603,0.6929955340097643,0.08101243190074138,False
SC404,15,0.5,1.1,0.6673556040307819,0.297426950545134,0.2590203202873971,0.6927705481271609,0.09631820812235044,False
SC404,0,0.5,1.1,0.6673142767917403,0.28716726639359547,0.24624536527107338,0.6951180366622097,0.10148098022746564,False
SC404,20,0.75,1.5,0.6671728424659844,0.3468197007979159,0.30622157475504597,0.6918896793687922,0.10756978354353763,False
SC404,20,1.0,1.5,0.6669835661031251,0.34872041306351087,0.30351156785466565,0.6896940537345936,0.10378386165858651,False
SC404,5,0.5,1.75,0.6669833595886336,0.3665721128659652,0.3192036918133336,0.6960690730252175,0.09738557381404307,False
SC404,15,1.0,1.2,0.6669267704246963,0.2926390843191192,0.25021484189487675,0.6899654378212874,0.11304737618299371,False
SC404,15,1.0,1.75,0.6667735531343075,0.3504505803240982,0.30520171154581766,0.6892282895867313,0.10732880916895426,False
SC404,10,0.75,1.75,0.6667553724831699,0.3649061482284294,0.31835442409049836,0.6938519442391161,0.09642291566188717,False
SC404,0,1.0,1.35,0.666501999931393,0.30040756647853567,0.2538056247309629,0.6930420084072967,0.10519573962392362,False
SC404,0,0.75,1.2,0.6664556557857495,0.29044629661293764,0.243155656218849,0.6955118514554692,0.105134758634582,False
SC404,0,0.25,1.2,0.66617201256078,0.333415542550117,0.28954320962823377,0.6986100535431279,0.08969963077043802,False
SC404,0,1.0,1.2,0.6659101784984831,0.2893565180041099,0.24381196354866433,0.6927457240839507,0.10531919470792112,False
SC404,0,0.5,1.5,0.6658757104903096,0.358826035657303,0.31207278890405626,0.6952718330973158,0.09439090501014191,False
SC404,10,1.0,1.0,0.6658494355394308,0.24925765366972796,0.24925765366972796,0.6861759436499723,0.07546277745345245,False
SC404,10,0.5,1.1,0.665806528298477,0.2945564690106683,0.2543835130358255,0.6924484340701204,0.09636499728465767,False
SC404,10,0.5,1.75,0.6658031853150149,0.36492158618665477,0.31805966150046233,0.6957671899118496,0.0952380135316967,False
SC404,15,0.75,1.1,0.6657527571129253,0.28909751034527137,0.24487640481763315,0.6914377416051247,0.11578515956696595,False
SC404,20,0.5,1.2,0.6649870633830557,0.3273504339328469,0.284971595605063,0.6913093674170476,0.09283111061170289,False
SC404,15,0.25,1.75,0.6648034148121881,0.38525599253232484,0.34345874277217137,0.694753765774397,0.09437269284710291,False
SC404,10,0.25,1.0,0.6647756903080827,0.30472472711700727,0.271626085484122,0.6928793928640262,0.08480151366842507,False
SC404,15,0.5,1.75,0.6646437792100384,0.3666534596909507,0.3204349722959927,0.691909020551036,0.09940702002911932,False
SC404,5,0.25,1.75,0.6644861102892429,0.3800055034654071,0.339252378714193,0.694654699811745,0.09659880125303603,False
SC404,20,0.5,1.1,0.6642985279581854,0.3178354258370015,0.27655702768528795,0.6905734268466459,0.09181765209145036,False
SC404,5,0.75,1.0,0.6642072281604439,0.2680359362082326,0.2322069518645955,0.6885880161235932,0.10623432179622698,False
SC404,5,1.0,1.1,0.6638463812276415,0.26603002528701003,0.22419329059313248,0.6877595758352203,0.10589929193584073,False
SC404,0,0.25,1.5,0.6634775390025203,0.35061143628849073,0.3106058517019496,0.6956804968592143,0.09547847275757983,False
SC404,20,1.0,1.35,0.6633753762695724,0.3298807981666363,0.28532634272109175,0.686624034022971,0.10419864792080542,False
SC404,5,0.75,1.75,0.663357815535836,0.3487304694700339,0.30281435467974693,0.6892578773544801,0.10046312552178131,False
SC404,0,0.5,1.0,0.6631394985547396,0.27100073291487903,0.23062530464677117,0.6932934760853737,0.10615428619161918,False
SC404,5,0.75,1.1,0.6630849375665809,0.26871067554898387,0.22611327295158126,0.6887553178769047,0.10754997338716968,False
SC404,10,0.75,1.2,0.6630702650837922,0.2962686833579781,0.25026868335797814,0.6886340997605094,0.09800093323578696,False
SC404,20,0.25,1.5,0.6629742169891494,0.36297707473273644,0.3217347972239704,0.6925721107965416,0.0893558608550106,False
SC404,10,0.75,1.1,0.662800537813037,0.2882968479979823,0.24362679723656097,0.6884753406917923,0.09641960727157584,False
SC404,0,0.75,1.5,0.662645816137156,0.32496212187562906,0.2802132634281405,0.6878551341611855,0.10176233700613939,False
SC404,0,0.25,1.1,0.6624423528253154,0.30543191777496714,0.2620538335949962,0.6938746245455389,0.08462410039284582,False
SC404,10,1.0,1.2,0.6622993035685858,0.28325066713713876,0.24028391521898018,0.6859846713698937,0.09701028832089224,False
SC404,10,0.5,1.0,0.6622289066029134,0.2792923643364707,0.23980838473958072,0.6903340789865188,0.09477768668935119,False
SC404,20,1.0,1.75,0.6622260667575749,0.3448425700274447,0.30060293869103916,0.6863362135304165,0.1083337111822662,False
SC404,5,1.0,1.0,0.662195817108592,0.2502760849776581,0.20939210707710565,0.6875413349687314,0.09927320143328124,False
SC404,20,0.5,1.5,0.6621393024520453,0.3506554369373849,0.30882722982098965,0.6887462097906173,0.09233747940555097,False
SC404,20,0.75,1.2,0.6621219218441031,0.313040063780167,0.27324589568411217,0.6865002012615119,0.09910646140371682,False
SC404,0,1.0,1.1,0.6620902708007594,0.26591637770083876,0.2203718232453932,0.6906485530095228,0.10478119393980959,False
SC404,15,0.75,1.75,0.6617758706708541,0.3497722412032879,0.3032205170653569,0.6879348105411671,0.1008538692707763,False
SC404,0,0.75,1.1,0.6615901249286731,0.2679591946513168,0.22227391546349953,0.6912430005380873,0.10773129556434127,False
SC404,20,0.5,1.0,0.6611947755716028,0.29157225052517,0.255582661354425,0.6884661902322401,0.09663244053960918,False
SC404,15,0.75,1.0,0.660972832178492,0.2615373754749014,0.22744911256410333,0.6864740537597387,0.10936307006789928,False
SC404,0,0.75,1.0,0.6608360015917805,0.26044805936611753,0.2147627801783003,0.6914376626900038,0.10588360713560414,False
SC404,10,0.75,1.0,0.6607884147352163,0.2747444440503915,0.2331444440503915,0.6856182572396328,0.09471174926802828,False
SC404,0,1.0,1.0,0.6606791670459871,0.2591313000500094,0.21789418664794757,0.6864634422560355,0.10606723675989174,False
SC404,15,1.0,1.1,0.6589768793494122,0.26448957312045873,0.22254583910511344,0.6854500637500198,0.11112627728718566,False
SC404,20,0.75,1.1,0.6588853949946194,0.2910275738556058,0.2544367468422436,0.684255803309505,0.09924836609508667,False
SC404,20,0.5,1.75,0.6585054072932862,0.3613726031720982,0.32127026866618197,0.6873147802642932,0.09777013400348518,False
SC404,0,0.75,1.75,0.6582949295092945,0.3508454304393919,0.30462694304443394,0.6885249445864715,0.09753341524359024,False
SC404,20,0.75,1.75,0.6576307596946803,0.35342081126039976,0.30839916623875474,0.6859169681572262,0.09972110445017224,False
SC404,0,0.5,1.75,0.6573760912094293,0.36064953050735205,0.31547499251967237,0.6883996201014233,0.10326463893199782,False
SC404,0,0.25,1.75,0.6564220714942183,0.3731813501172748,0.3336804371531848,0.6924213700173883,0.09827653390778776,False
SC404,20,0.25,1.75,0.6563582514054056,0.36782008253079246,0.3277424141512373,0.689264272337023,0.0933758203973091,False
SC404,10,1.0,1.1,0.6560713882649085,0.25828447035676494,0.21520754727984187,0.6810846939611834,0.09144432289822767,False
SC404,20,0.5,1.35,0.6558995544000926,0.31449630211475144,0.273367688647554,0.6835790053845967,0.08974160402629923,False
SC404,0,1.0,1.75,0.6552033567896568,0.3163402762415962,0.2728812961972503,0.6817986691956847,0.10210148267883112,False
SC404,20,1.0,1.0,0.6533136828354321,0.24275475305848712,0.24195512715247824,0.6782320616177319,0.08696908379956864,False
SC404,20,1.0,1.2,0.6526066495440628,0.27814027020908455,0.2347059267747411,0.6787912784594277,0.10218845428246988,False
SC404,20,0.75,1.0,0.6522483132438887,0.26521368449167504,0.2303481605989648,0.6785970644693085,0.09807033198071706,False
SC404,20,1.0,1.1,0.6452420353157465,0.24954925020407143,0.2078189703058526,0.6731464050853568,0.09634230343055825,False
SC405,10,0.25,1.1,0.6623075073719498,0.3888100563328486,0.3888100563328486,0.6821669615545082,0.10569891899350321,True
SC405,10,0.25,1.2,0.6594542520540886,0.3905996785748049,0.3905996785748049,0.6801366412678588,0.0977331249677319,False
SC405,10,0.25,1.0,0.6573919178012062,0.3553072746623469,0.3553072746623469,0.6765148511746863,0.10496271946593874,False
SC405,5,0.25,1.1,0.6567310088012951,0.3793028763699521,0.37262647102449953,0.6792567583300027,0.10551899241277643,False
SC405,20,0.25,1.2,0.6552995438284507,0.39229536001612664,0.39229536001612664,0.6831465903890381,0.10177232232029675,False
SC405,20,0.25,1.35,0.6550019620519163,0.4103114150351231,0.4042743365232405,0.6837634007430407,0.09778020865042497,False
SC405,10,1.0,1.35,0.6546987670650422,0.33771541956560325,0.33771541956560325,0.6766656339809854,0.11513356845180968,False
SC405,0,0.25,1.2,0.6534470551593806,0.39221661501870375,0.39221661501870375,0.6778618299652321,0.09812758271430942,False
SC405,5,0.25,1.0,0.6533982918715762,0.35482565707891606,0.35482565707891606,0.6760488157254484,0.10170498447348594,False
SC405,0,0.25,1.1,0.6532706890145927,0.3701191153842574,0.36865087044913336,0.6764203213534666,0.10227417237811315,False
SC405,10,0.5,1.0,0.6529948075389309,0.318728739015709,0.318728739015709,0.6753572328223197,0.11140761771607566,False
SC405,20,0.75,1.5,0.6529262857103209,0.381147624859027,0.3661422943686219,0.6789292510929311,0.11423516617463134,False
SC405,20,0.25,1.1,0.651832469097595,0.37291112707302154,0.37291112707302154,0.6762392420650125,0.10138020092783645,False
SC405,5,0.25,1.2,0.6517983990808041,0.3743099990629391,0.3743099990629391,0.6770888075827679,0.10168844230427528,False
SC405,0,0.25,1.35,0.6515650402671372,0.39367899239166276,0.39367899239166276,0.6765743688466164,0.09094956028097331,False
SC405,10,0.75,1.2,0.651328381427675,0.32854099930536973,0.32854099930536973,0.6757048741721592,0.11852933292222098,False
SC405,10,0.5,1.2,0.6512414623719025,0.3550315222380721,0.3550315222380721,0.6761711987552828,0.11472953341028654,False
SC405,20,0.25,1.0,0.6511491610619007,0.3555443106235147,0.3550195858188606,0.6751759050784352,0.10567981701299035,False
SC405,10,0.5,1.1,0.6505943185815931,0.34074611437051827,0.34074611437051827,0.6752573015513452,0.1143209194453482,False
SC405,0,0.25,1.0,0.6504197647070519,0.351820635504846,0.351820635504846,0.6737250347890005,0.09911028068756249,False
SC405,10,0.75,1.1,0.6502718056768989,0.31500432155708014,0.31500432155708014,0.6743607973796497,0.1158821491593545,False
SC405,20,0.5,1.35,0.6502505170273806,0.3767719358985901,0.37454407461939165,0.6767653939592846,0.10921272755455932,False
SC405,0,0.5,1.35,0.650117843057863,0.37740964479923805,0.3758445305116417,0.6751770653292468,0.10399178941748033,False
SC405,15,0.25,1.0,0.6500255657837695,0.3393909441242113,0.3393909441242113,0.6726859254677515,0.09839916967953137,False
SC405,10,0.25,1.35,0.6498898792935044,0.39187195950210335,0.39187195950210335,0.6747413129819853,0.08621584223900032,False
SC405,10,1.0,1.2,0.649617667498325,0.2960826796053307,0.2960826796053307,0.6713578239429685,0.11393566182207411,False
SC405,10,0.5,1.35,0.6496038326099495,0.37773831086283816,0.3729490388321868,0.6738227748691985,0.10691357532131057,False
SC405,15,0.5,1.2,0.6495312182824288,0.3519944455588425,0.3519944455588425,0.6752915867178331,0.11074082401252064,False
SC405,15,0.25,1.2,0.649444462395658,0.3715680319118743,0.3715680319118743,0.6744002308447018,0.08953200841275058,False
SC405,5,0.25,1.35,0.6492762854937817,0.39899351736242455,0.3878631358076398,0.6771966064739099,0.09402704770496537,False
SC405,15,0.25,1.35,0.6486479196766554,0.38848876726193043,0.38848876726193043,0.6753978290578689,0.08907104627979572,False
SC405,20,1.0,1.5,0.648533447588058,0.3550811956957465,0.350012720758903,0.6769630215362623,0.11775199945732266,False
SC405,0,0.5,1.2,0.6481563382920873,0.37172038995401013,0.37172038995401013,0.6728122277564015,0.10861888388493199,False
SC405,20,0.25,1.5,0.6481428044166941,0.4031797025546677,0.386513035888001,0.6785918042245931,0.09143258972900895,False
SC405,15,0.25,1.1,0.6479783222408114,0.3497423037393144,0.3497423037393144,0.6719974933177575,0.09711485672910605,False
SC405,5,0.5,1.35,0.6476582356706734,0.36543231248556163,0.36442769279657733,0.6737781722109917,0.10883423914307455,False
SC405,10,0.75,1.0,0.6475421508681742,0.2978851632170518,0.2978851632170518,0.6714164841504392,0.11226437504315778,False
SC405,5,0.5,1.5,0.6474336968585448,0.38433107798375415,0.3679681042228212,0.6744669758041181,0.10625049439781954,False
SC405,15,0.5,1.1,0.6469320079917653,0.33348981782662523,0.33348981782662523,0.6725856258883967,0.10792732644250136,False
SC405,5,0.5,1.2,0.6467815045283485,0.3671168014469294,0.3671168014469294,0.6708034078359579,0.10373459016794462,False
SC405,0,0.75,1.35,0.6465604352659318,0.3758850877467011,0.3752764772309698,0.670836709720344,0.1100199312604827,False
SC405,20,0.5,1.2,0.6462074702583541,0.36093624987265854,0.36093624987265854,0.6717721061996693,0.10644548144349246,False
SC405,10,1.0,1.1,0.6458166804714515,0.2803167817492392,0.2803167817492392,0.6688022535682789,0.11317730384289601,False
SC405,0,0.5,1.5,0.6453274683484529,0.3856406407419275,0.3689977835990703,0.6712417003708967,0.10413635663492588,False
SC405,20,0.75,1.35,0.6452863067284587,0.35626326225345256,0.35626326225345256,0.6706617366196316,0.11061929223266057,False
SC405,0,0.5,1.1,0.6452425075248113,0.3524100353001536,0.3524100353001536,0.6703957634853976,0.10771376956035807,False
SC405,10,0.25,1.5,0.6451836682068082,0.4038320140501324,0.37866786685208687,0.6739046427114618,0.0881088062693575,False
SC405,20,0.5,1.5,0.6451836657433223,0.39093459522294516,0.3725029182043116,0.672472675474964,0.09515048125175372,False
SC405,10,0.75,1.5,0.6451710890519179,0.37713340673508045,0.34134030051943903,0.6731326007208974,0.10951713269845123,False
SC405,5,0.75,1.35,0.6448550636497592,0.35047087744943833,0.35047087744943833,0.667119389760702,0.10791688258311134,False
SC405,10,1.0,1.0,0.644626161089278,0.25955023047929554,0.25955023047929554,0.6669914162723283,0.11073570337198436,False
SC405,5,0.25,1.5,0.6444063282182795,0.4035462179665953,0.3889129924402498,0.6741393283082434,0.08314096265630015,False
SC405,15,0.25,1.5,0.6442152846067051,0.41178070961296775,0.3864567062620585,0.6733602885493981,0.09289372213867382,False
SC405,0,0.25,1.5,0.6439636657207827,0.39660798562474264,0.38126711831907745,0.6710709787542536,0.09053925931378634,False
SC405,10,0.5,1.5,0.6433789095170077,0.38290946263589715,0.34772457051161587,0.671589739413348,0.10691168982672287,False
SC405,10,0.75,1.35,0.6426579476263533,0.3385518372740203,0.3372535540122176,0.6677578211644847,0.10608098869072716,False
SC405,5,0.5,1.1,0.6424217163155574,0.3466935309834602,0.3466935309834602,0.6670651686729449,0.10171363236305336,False
SC405,15,0.5,1.5,0.6424189719596095,0.3833870044021931,0.3673155758307646,0.6688212468109753,0.10318971661428115,False
SC405,10,1.0,1.75,0.6419206359457055,0.36028960254992753,0.32062954589270376,0.6690079722424068,0.11306544887786646,False
SC405,20,0.75,1.75,0.6412775203690819,0.38951746045738234,0.35542919754658425,0.6693984734447435,0.1101355454834642,False
SC405,15,0.5,1.0,0.6409425362007906,0.30761045649891255,0.30761045649891255,0.6675848816985075,0.10725542422471034,False
SC405,0,1.0,1.5,0.6406913084965901,0.369445461328741,0.36315374480168344,0.6617623570142197,0.09994054372834646,False
SC405,5,1.0,1.35,0.6405997551181273,0.3227197094400311,0.3227197094400311,0.6626140321439837,0.10617742323385909,False
SC405,5,0.75,1.5,0.6404347741350529,0.3616312177567846,0.3264916580160153,0.6694647200531484,0.109389160764396,False
SC405,5,0.75,1.75,0.6402595717182279,0.38240019035309025,0.35023364325998657,0.6681424026094447,0.11057591526120135,False
SC405,0,0.75,1.2,0.6402580308801108,0.3393230277812802,0.3393230277812802,0.6663442541766771,0.10881469826342133,False
SC405,0,0.75,1.5,0.6401766427260022,0.36033629655956184,0.32738560590309895,0.6691405625237417,0.11086288943944063,False
SC405,10,0.75,1.75,0.6400913595809936,0.3871220855364615,0.34658875220312807,0.6686549596546911,0.11136192550958535,False
SC405,20,1.0,1.2,0.6397450873558872,0.3034648966900333,0.3034648966900333,0.6676997840388497,0.11674505736631798,False
SC405,20,1.0,1.35,0.6396694794880784,0.3250469705610036,0.3250469705610036,0.6690201426163032,0.1197440005134143,False
SC405,15,0.75,1.2,0.6394230864984587,0.32030720132244334,0.32030720132244334,0.6618440853427687,0.11092220626562316,False
SC405,20,0.5,1.1,0.6393853877155815,0.3370569566845868,0.3370569566845868,0.6652838885195083,0.10762359622311636,False
SC405,15,0.5,1.35,0.639371850736933,0.36023379397673844,0.3594158281157926,0.6649976554936584,0.0977948206391926,False
SC405,20,1.0,1.75,0.6386102930488098,0.36377379316361413,0.3243371734453042,0.6698317541737592,0.11500143245512015,False
SC405,20,0.75,1.2,0.6385837556873829,0.32535973151305797,0.32535973151305797,0.6637250578292582,0.10720807845910942,False
SC405,0,0.5,1.0,0.6384109949824913,0.31396407449975133,0.31396407449975133,0.6631653059628813,0.10162940336323278,False
SC405,5,0.75,1.0,0.6382305073776819,0.29679439683675557,0.29679439683675557,0.6633400971576121,0.09992310465822374,False
SC405,20,0.75,1.1,0.6381339776013264,0.3148177504663413,0.3148177504663413,0.6626133655168683,0.10536653547409157,False
SC405,20,0.5,1.0,0.6379112131218644,0.317892025099704,0.317892025099704,0.6623914787079425,0.10587556259193914,False
SC405,10,1.0,1.5,0.6372354907104859,0.33427485428361925,0.2949684959021164,0.6653743291108853,0.11128478352840733,False
SC405,20,1.0,1.1,0.6372012792829247,0.2683224005159389,0.2683224005159389,0.6647958195086405,0.10948245895830865,False
SC405,5,1.0,1.2,0.6370931835784595,0.29529638690949594,0.29529638690949594,0.6589541382157117,0.10893653808126814,False
SC405,20,0.5,1.75,0.637000697501026,0.39543226575097074,0.35919400284017267,0.6674648992978673,0.10076397865270942,False
SC405,0,1.0,1.35,0.6368009995196985,0.34572788804244337,0.34498466990792087,0.6583930513504532,0.10071328979556236,False
SC405,15,0.75,1.0,0.6366051743940998,0.2824125279681797,0.2824125279681797,0.6589167122838957,0.11187496298281073,False
SC405,5,0.5,1.0,0.636441557217678,0.31606282196866753,0.31606282196866753,0.6632518274791709,0.10142955060762393,False
SC405,5,0.75,1.1,0.6363608202115919,0.3003046058099698,0.3003046058099698,0.6621897733269633,0.09984226695793338,False
SC405,5,1.0,1.1,0.6363594554328537,0.2826886975531775,0.2826886975531775,0.6582738627414839,0.10871407019959671,False
SC405,5,1.0,1.5,0.6363525855906558,0.35129331826195703,0.31210023468847,0.6613316281493672,0.11599158235519466,False
SC405,5,0.25,1.75,0.6363460321801939,0.4100666223772841,0.3738417259376637,0.6698832669454479,0.08843643866298402,False
SC405,15,0.25,1.75,0.6361863033344928,0.40895318339537406,0.37396212793920236,0.6691889201168034,0.08922112440833388,False
SC405,20,1.0,1.0,0.6360727952247791,0.24660469263297663,0.24660469263297663,0.662852414421616,0.11046115790115346,False
SC405,10,0.5,1.75,0.6356550913980112,0.3851204481514948,0.3510321852406967,0.6645742695404449,0.09915686264676715,False
SC405,5,0.75,1.2,0.6354765613432001,0.30540239600511754,0.30540239600511754,0.6617030000402263,0.10222800533020399,False
SC405,15,0.5,1.75,0.6353935560353358,0.39256842265244696,0.3562340493547696,0.665964929100802,0.09814934816523793,False
SC405,20,0.75,1.0,0.6352933848767115,0.28607768913052245,0.28607768913052245,0.6603360838803835,0.10034523263751657,False
SC405,15,0.75,1.35,0.6351296286883753,0.34383072037973356,0.34383072037973356,0.6573241801055361,0.09729524487671665,False
SC405,15,1.0,1.2,0.634679702262216,0.30024394180973435,0.30024394180973435,0.6569643462534664,0.10977796303698609,False
SC405,0,0.75,1.1,0.6343683656360051,0.3094966866152267,0.3094966866152267,0.6598800597926886,0.10062134165195176,False
SC405,5,0.5,1.75,0.6343572315040472,0.39280024648188405,0.35875354201264437,0.6629833218321046,0.10607844397429644,False
SC405,15,1.0,1.35,0.6340005482680742,0.3323834489962196,0.32988079788275193,0.6567992540886938,0.11233184925322483,False
SC405,15,0.75,1.1,0.6339667588505508,0.30376596483913565,0.30376596483913565,0.6579163827390487,0.11040895500488265,False
SC405,15,1.0,1.1,0.6332259224336052,0.28022465635620847,0.28022465635620847,0.6561853757187492,0.11032347176471229,False
SC405,15,1.0,1.0,0.6331340862903415,0.2663957834624591,0.2663957834624591,0.6554945768681852,0.11241468752536177,False
SC405,5,1.0,1.75,0.6326510345432526,0.3580854657800572,0.31922832292291436,0.6567919185564002,0.10301084713558746,False
SC405,5,1.0,1.0,0.6326325151401427,0.2697108332977924,0.2697108332977924,0.6553012009276274,0.10536918548903725,False
SC405,15,1.0,1.5,0.6320010178518393,0.33450280972510216,0.33090296830842447,0.6545603659160817,0.09839143407363178,False
SC405,0,0.75,1.75,0.6315987303597792,0.3661230808771408,0.33273332630950997,0.6591914039647869,0.11427809542154756,False
SC405,0,0.25,1.75,0.6311120172156861,0.39272697719088356,0.36081284481163495,0.6623184544888072,0.09022402601328725,False
SC405,0,0.75,1.0,0.6309858911091193,0.2952670662841985,0.2952670662841985,0.6574156587445866,0.09955348911984718,False
SC405,15,0.75,1.75,0.6309511833852519,0.38795160580275423,0.3477399655911141,0.6572738938114784,0.1006009360435005,False
SC405,10,0.25,1.75,0.6292654175574068,0.3895930942759733,0.35209204364139,0.6602501057004273,0.08570594077316432,False
SC405,0,1.0,1.2,0.6291575858560621,0.30160422858000124,0.30160422858000124,0.6503494939007812,0.09428025260902137,False
SC405,0,0.5,1.75,0.6289015837007755,0.3822097568790389,0.34724513423752945,0.6578407430361544,0.0960731869863856,False
SC405,20,0.25,1.75,0.6278432073154844,0.3918136464013132,0.35718167265541545,0.6610127165664782,0.085083763496942,False
SC405,15,0.75,1.5,0.6271289012569431,0.3511358894183616,0.3206041482466939,0.6526983080167611,0.10948468928127579,False
SC405,0,1.0,1.1,0.6248148726049109,0.284644756347285,0.284644756347285,0.6469893444457531,0.09453063630289286,False
SC405,0,1.0,1.0,0.6247990427810156,0.2731158889130656,0.2731158889130656,0.6468087109529262,0.09483947432817642,False
SC405,0,1.0,1.75,0.6247646423170183,0.3530337213549825,0.3157003880216491,0.6486298961790878,0.11046010505503329,False
SC405,15,1.0,1.75,0.6216259403665468,0.3421957556946948,0.30476260061448085,0.648275355893649,0.10269109050407214,False
