method,raw_accuracy,raw_balanced_accuracy,raw_macro_f1,smoothed_accuracy,smoothed_balanced_accuracy,smoothed_macro_f1,inference_sec,smoothed_macro_f1_delta_vs_offline,deployable,deployment_rank,changed_epoch_count,changed_epoch_percent
offline_full_recording,0.8289345063538612,0.8100405649560465,0.7844873118119706,0.8426197458455523,0.820086041004144,0.8010835819884157,0.03248210000310792,0.0,False,,,
causal_expanding,0.7732160312805474,0.6886898869649772,0.6892141921415444,0.7947214076246334,0.7091057713137086,0.714767772143847,0.03185140000277897,-0.08631580984456866,True,2.0,121.0,11.827956989247312
rolling_5min,0.4780058651026393,0.3175303544211048,0.32442955941499735,0.4916911045943304,0.31424703055934905,0.3259240018834225,0.037206099994364195,-0.47515958010499315,True,8.0,525.0,51.31964809384164
rolling_10min,0.4731182795698925,0.34911738971954914,0.3554814622245587,0.4809384164222874,0.3425921593425461,0.35407837670990905,0.03328000000328757,-0.4470052052785066,True,7.0,495.0,48.38709677419355
rolling_30min,0.5386119257086999,0.5000828675076635,0.477158114417522,0.5425219941348973,0.49593078481801117,0.4757246954197731,0.03240870000445284,-0.3253588865686426,True,5.0,421.0,41.15347018572825
warmup_5min,0.6226783968719453,0.4270736874991942,0.42179612521279763,0.6226783968719453,0.4206119414182162,0.4160769933494001,0.029250999999931082,-0.38500658863901555,True,6.0,368.0,35.97262952101662
warmup_10min,0.6920821114369502,0.5529696312960202,0.5667716545616761,0.6999022482893451,0.550388348648254,0.5695264273414615,0.02874109999538632,-0.23155715464695414,True,3.0,273.0,26.68621700879765
warmup_30min,0.6813294232649071,0.5448243250830278,0.5485136051108583,0.6911045943304008,0.553438199840184,0.5588441344713012,0.0297668999992311,-0.24223944751711446,True,4.0,293.0,28.641251221896386
training_global_fixed,0.7898338220918866,0.7819300059923846,0.747966177696707,0.7869012707722385,0.7725020913909861,0.745238030055632,0.030002499996044207,-0.05584555193278362,True,1.0,170.0,16.617790811339198
