outer_test_subject,transition_weight,n1_emission_boost,mean_macro_f1,mean_balanced_accuracy,mean_n1_f1,mean_min_class_f1,std_macro_f1,selected
SC400,0.5,1.1,0.6759503301730548,0.6963118898898697,0.31179537291865733,0.31179537291865733,0.09208274087489655,True
SC400,0.5,1.35,0.6741385864209327,0.6965447439797968,0.3189081767283436,0.3189081767283436,0.08934756691544038,False
SC400,0.5,1.2,0.673819243653249,0.6968387134980285,0.29549610684901756,0.29549610684901756,0.08966891773915922,False
SC400,0.25,1.2,0.6729997534952574,0.6958618604435369,0.3263894849360624,0.3263894849360624,0.08771537570464842,False
SC400,0.25,1.1,0.6719210810625944,0.694825336906829,0.30783537279326245,0.30783537279326245,0.08819990521331166,False
SC400,0.25,1.35,0.6714478553747545,0.6948806922532119,0.3363094899808405,0.3363094899808405,0.09060219390949084,False
SC400,0.5,1.0,0.6711395874252013,0.6908155787571725,0.28526180584951566,0.28526180584951566,0.08978765633677376,False
SC400,1.0,1.2,0.6667870029043328,0.6824752738348017,0.28260694844730905,0.28260694844730905,0.08486298695913067,False
SC400,0.25,1.0,0.6658946092504988,0.686682948539844,0.28581848299733587,0.28581848299733587,0.08203857855956062,False
SC400,0.75,1.1,0.665363003183942,0.6810270410717211,0.28792088494033197,0.28792088494033197,0.09022692355155283,False
SC400,0.75,1.5,0.664945346809334,0.6840038882479623,0.3199934793028119,0.31421914592569383,0.09984228272003326,False
SC400,0.75,1.2,0.6649223040825499,0.6829126721515909,0.30262581181177284,0.30262581181177284,0.09248707327170683,False
SC400,1.0,1.5,0.6632449270183451,0.6827616178565379,0.29619236061440063,0.28990064408734306,0.09193834710055548,False
SC400,1.0,1.0,0.6600347460960264,0.676180605058154,0.23981231769521782,0.23981231769521782,0.08314640565973473,False
SC400,1.0,1.1,0.6593924030846805,0.6770347062021069,0.2568152193091314,0.2568152193091314,0.08413181899455324,False
SC400,0.75,1.35,0.6591607906357961,0.6799840100946156,0.2947799865771993,0.28848827005014166,0.09680212051197491,False
SC400,1.0,1.35,0.6586018455187141,0.678947067187295,0.2777950911871329,0.2713720450414941,0.08909138607181383,False
SC400,0.75,1.0,0.6579478935764155,0.6758793975767328,0.25408403301872884,0.25408403301872884,0.08903251756771394,False
SC400,0.5,1.5,0.6574483126040311,0.6788193800213295,0.31443818670710943,0.30601327828220104,0.0980746129314596,False
SC400,0.25,1.5,0.6571322352227208,0.6806795480500193,0.3387416994368039,0.3387416994368039,0.09017153861534682,False
SC400,1.0,1.75,0.6482894029034296,0.6663753212456547,0.3195381915451286,0.2824029130305397,0.09909400359681841,False
SC400,0.25,1.75,0.6460421937949479,0.6744959068355957,0.34670290506648394,0.3142014934346375,0.10332535768013842,False
SC400,0.5,1.75,0.6444835539759002,0.6707002287370252,0.3206686604954066,0.28558299498720585,0.09911898812875113,False
SC400,0.75,1.75,0.6346522261970269,0.6568367807211363,0.3146599990449181,0.2760177013947876,0.10595136957465777,False
SC401,0.25,1.75,0.7176716562825181,0.7184175038854461,0.3781142326734236,0.3781142326734236,0.04641395799028116,True
SC401,0.25,1.5,0.7160547843079375,0.7173617887658379,0.34444009012800897,0.34444009012800897,0.026086509313135702,False
SC401,0.5,1.75,0.7145574256809218,0.7164850396525299,0.3279514947846631,0.3279514947846631,0.030353969633073727,False
SC401,0.25,1.2,0.711480258716103,0.714321377299308,0.30468323500093847,0.30468323500093847,0.018299772573438212,False
SC401,0.25,1.35,0.7110874049001794,0.7145507032418458,0.3066524730610242,0.3066524730610242,0.01876011904425941,False
SC401,0.5,1.5,0.7107650225194577,0.7157284037364344,0.28230482774363896,0.28230482774363896,0.016802740003571858,False
SC401,0.75,1.5,0.7073591546897873,0.7072643426790493,0.28874013016144073,0.28874013016144073,0.02617430467385321,False
SC401,0.75,1.75,0.7069408388443132,0.7076640351809698,0.2981833872578761,0.2981833872578761,0.027022308055922144,False
SC401,0.5,1.35,0.706451944504847,0.7128938205298795,0.2645208658355188,0.2645208658355188,0.015992740383742564,False
SC401,1.0,1.75,0.7014170282419572,0.7021787982294576,0.2709664992206623,0.2709664992206623,0.02903164020568237,False
SC401,0.25,1.1,0.6965632865459173,0.7071813647392305,0.2283663881860119,0.2283663881860119,0.016537106783044937,False
SC401,0.5,1.2,0.6958369513214061,0.7067289385606135,0.21236443465152827,0.21236443465152827,0.014911793156695899,False
SC401,0.75,1.35,0.6942214219792001,0.7000203385494245,0.2241844940365243,0.2241844940365243,0.024843776147424394,False
SC401,0.25,1.0,0.6920830612931722,0.7031016439218596,0.2072879035269482,0.2072879035269482,0.01846500389227431,False
SC401,1.0,1.5,0.6916682918076178,0.6970258540663596,0.22606391456333325,0.22606391456333325,0.0238453011022566,False
SC401,0.5,1.1,0.6915622946044004,0.7047823522878389,0.1866014825762599,0.1866014825762599,0.025885487753184548,False
SC401,1.0,1.35,0.6902499703922234,0.6965767012428491,0.21510084901663085,0.21510084901663085,0.02662570850510477,False
SC401,0.5,1.0,0.6865767386555699,0.7009871881333939,0.16447738842187143,0.16447738842187143,0.02631425207205516,False
SC401,0.75,1.2,0.685247560081305,0.694998931325145,0.1868891208748762,0.1868891208748762,0.020268100176064927,False
SC401,1.0,1.2,0.6818802054019064,0.6905749635428394,0.18126704213660733,0.18126704213660733,0.035760020688411456,False
SC401,1.0,1.1,0.6791481834553423,0.6899088357234489,0.17029324593109232,0.17029324593109232,0.039734207199773455,False
SC401,0.75,1.1,0.677942718311361,0.6889019593817023,0.1565762268174824,0.1565762268174824,0.025381281984764137,False
SC401,0.75,1.0,0.6736783559565074,0.6878854702357303,0.13850703175793194,0.13850703175793194,0.031551976554810006,False
SC401,1.0,1.0,0.6724836570604635,0.6862569958865159,0.1451137547955162,0.1451137547955162,0.04748742865747987,False
SC402,0.75,1.75,0.6505187007070804,0.676375678553072,0.25897552581222205,0.21964968311559283,0.08356389502876985,True
SC402,0.25,1.75,0.6480708571395988,0.6713798301233941,0.28609357358984777,0.2521791755481595,0.08575387031122039,False
SC402,0.5,1.35,0.6474891888078006,0.6748648029298232,0.23204446992404693,0.20118411398999297,0.0841043665518172,False
SC402,0.5,1.5,0.646957966639618,0.672510898099398,0.24181310410296009,0.21112259400115074,0.08463957521157711,False
SC402,0.5,1.75,0.6465572794606305,0.6724062709431717,0.25778218515095175,0.22376386759534492,0.0806739557859971,False
SC402,0.75,1.5,0.6453090542022865,0.6725494694294099,0.23110688962981393,0.19873258683297595,0.08234014259154512,False
SC402,0.25,1.5,0.6445617381266583,0.6686805744285749,0.25276786015695957,0.22657594096504044,0.07794637561188875,False
SC402,0.75,1.35,0.6440678557714643,0.6709960807815352,0.22197998662376955,0.1907820462936166,0.07857002625726096,False
SC402,0.25,1.35,0.6440530481318109,0.6677339513735673,0.24153987345105285,0.22219932349460142,0.07679739252158556,False
SC402,0.25,1.2,0.6432670337520664,0.6672972650655428,0.22223819282194,0.21179518635105898,0.0745769577173972,False
SC402,1.0,1.75,0.6404058485475468,0.6633571009488133,0.24967669077343224,0.21217669077343224,0.0776099324172634,False
SC402,0.25,1.1,0.6403710155471556,0.6657418249969649,0.20315168753876334,0.19811450410471168,0.07427851782107633,False
SC402,0.5,1.2,0.6401947871603961,0.6676777032547532,0.2016496098064969,0.17400983174418366,0.08062551993048958,False
SC402,0.75,1.0,0.638377448092858,0.6650978368004725,0.1460074470680889,0.1460074470680889,0.05441064290607691,False
SC402,0.5,1.0,0.6383721782606311,0.6660184848324441,0.1478257204383557,0.1478257204383557,0.05353878391540313,False
SC402,0.75,1.2,0.6376609238536651,0.6656207336243837,0.19519021048637772,0.16512618999982204,0.07418201076969441,False
SC402,0.25,1.0,0.6355559226118196,0.6627333180761219,0.171287719880928,0.171287719880928,0.06349930017450534,False
SC402,0.5,1.1,0.6346303227286796,0.6645701243195907,0.16047320264358803,0.15007942974981514,0.06482860527498738,False
SC402,0.75,1.1,0.6301090272201683,0.66026903471948,0.1563404669683616,0.1358668849609999,0.06629768173344662,False
SC402,1.0,1.5,0.63008791092967,0.6566990552439967,0.20714582948978127,0.16888495992456387,0.07634086516076258,False
SC402,1.0,1.35,0.6243261387352285,0.6520225879916118,0.18658816805466968,0.14765011495732455,0.0712879066800207,False
SC402,1.0,1.1,0.6216180574877058,0.6486620706153596,0.13588772761105056,0.13588772761105056,0.051132202101515166,False
SC402,1.0,1.2,0.6208262220386617,0.6487839478589522,0.15723592445225137,0.1348307654446755,0.06103028635375308,False
SC402,1.0,1.0,0.6195404123012904,0.6475384393681857,0.11477493933485876,0.11477493933485876,0.050249575391811165,False
SC403,0.75,1.2,0.6889826668385016,0.7073708357468654,0.3229770167879099,0.3229770167879099,0.06476055649984155,True
SC403,0.75,1.1,0.6885525891932888,0.7097949583726014,0.3068832954773714,0.3068832954773714,0.0662229290468035,False
SC403,0.5,1.0,0.6869969274171168,0.7117097186660638,0.31808907609679754,0.31808907609679754,0.07237841532635192,False
SC403,0.25,1.5,0.6836216216076518,0.7030678350474004,0.3906065104257245,0.3906065104257245,0.058933953901427374,False
SC403,0.25,1.0,0.6834274046433523,0.7066508384860616,0.33406120760959473,0.33406120760959473,0.05500686070335341,False
SC403,0.75,1.0,0.6834014597086208,0.7042436790466058,0.30791938739208385,0.307801055061855,0.06622777933666979,False
SC403,0.75,1.5,0.6824510175655764,0.699517002565759,0.3720868612131752,0.3518790496290115,0.06964636530574995,False
SC403,0.75,1.35,0.6810233562599249,0.6994421852010326,0.3298359538013305,0.3298359538013305,0.0639375314813953,False
SC403,0.5,1.1,0.6809030622376734,0.7041725888607251,0.32236246979455807,0.32236246979455807,0.07045637434175912,False
SC403,0.25,1.1,0.6803521773517218,0.7011748778307603,0.3463978744350028,0.3463978744350028,0.058611657144361125,False
SC403,0.5,1.35,0.680106639043113,0.6991723398966658,0.3528006552809827,0.3528006552809827,0.06214132504854841,False
SC403,0.25,1.35,0.6800211169809243,0.7005889701611416,0.3678702791778926,0.3678434798891045,0.058983716832389115,False
SC403,0.25,1.2,0.6798023174963725,0.7010452163920623,0.35492407950472465,0.35296159754224266,0.06066153809774348,False
SC403,1.0,1.2,0.6795052245784194,0.697016477796521,0.3167490738302388,0.3167490738302388,0.06257289664751928,False
SC403,0.5,1.2,0.6793797393125687,0.7013841516595859,0.32808548316990904,0.32808548316990904,0.06313117626310337,False
SC403,1.0,1.35,0.6762114512020269,0.6907165563919778,0.32067981652901384,0.32067981652901384,0.07122092083511297,False
SC403,1.0,1.1,0.6756177193327367,0.6940052670551704,0.3054794700640605,0.3054794700640605,0.06501147097195659,False
SC403,0.5,1.5,0.6740578970683214,0.6938917557167017,0.3628333136134535,0.34415752460440474,0.06545730002940985,False
SC403,1.0,1.0,0.6716502447475892,0.6914192169914158,0.291047208474755,0.291047208474755,0.06840678684946902,False
SC403,0.25,1.75,0.6682834575587343,0.6898282843501696,0.383166119553635,0.3510174947215434,0.06879843509698634,False
SC403,1.0,1.5,0.6678018671669085,0.6839146307115852,0.3341352684467259,0.31179312353507,0.0752960340325754,False
SC403,0.5,1.75,0.6677681698542176,0.6908775210448922,0.3726118605958903,0.32728680746863076,0.06776804466998358,False
SC403,0.75,1.75,0.6665863326917663,0.688632411171225,0.37266646887788796,0.31179269031049717,0.07798997058541711,False
SC403,1.0,1.75,0.6558547984540588,0.6736097856005389,0.35287306159388987,0.29341331860936326,0.08399755752310928,False
SC404,0.75,1.35,0.6703383589226913,0.6967962954638123,0.3122392193502378,0.26563727760266503,0.10785814196362468,True
SC404,1.0,1.5,0.6700723783007796,0.6948514368544026,0.3192471707761134,0.27275806665989066,0.10572473459709886,False
SC404,0.5,1.35,0.669704724250499,0.6986037883482992,0.3388545993311009,0.2895395308379502,0.09738406719732874,False
SC404,0.25,1.0,0.6695551598274209,0.6990060709943655,0.2969154170722572,0.2704297458807037,0.08586739534065443,False
SC404,0.5,1.2,0.6682295083218014,0.6938172932851735,0.301824275797478,0.260902374674956,0.09393616515758936,False
SC404,0.25,1.35,0.6682236992710893,0.7001924018815102,0.3513524507094388,0.3102137110701369,0.09501026091009333,False
SC404,0.5,1.1,0.6673142767917403,0.6951180366622097,0.28716726639359547,0.24624536527107338,0.10148098022746564,False
SC404,1.0,1.35,0.666501999931393,0.6930420084072967,0.30040756647853567,0.2538056247309629,0.10519573962392362,False
SC404,0.75,1.2,0.6664556557857495,0.6955118514554692,0.29044629661293764,0.243155656218849,0.105134758634582,False
SC404,0.25,1.2,0.66617201256078,0.6986100535431279,0.333415542550117,0.28954320962823377,0.08969963077043802,False
SC404,1.0,1.2,0.6659101784984831,0.6927457240839507,0.2893565180041099,0.24381196354866433,0.10531919470792112,False
SC404,0.5,1.5,0.6658757104903096,0.6952718330973158,0.358826035657303,0.31207278890405626,0.09439090501014191,False
SC404,0.25,1.5,0.6634775390025203,0.6956804968592143,0.35061143628849073,0.3106058517019496,0.09547847275757983,False
SC404,0.5,1.0,0.6631394985547396,0.6932934760853737,0.27100073291487903,0.23062530464677117,0.10615428619161918,False
SC404,0.75,1.5,0.662645816137156,0.6878551341611855,0.32496212187562906,0.2802132634281405,0.10176233700613939,False
SC404,0.25,1.1,0.6624423528253154,0.6938746245455389,0.30543191777496714,0.2620538335949962,0.08462410039284582,False
SC404,1.0,1.1,0.6620902708007594,0.6906485530095228,0.26591637770083876,0.2203718232453932,0.10478119393980959,False
SC404,0.75,1.1,0.6615901249286731,0.6912430005380873,0.2679591946513168,0.22227391546349953,0.10773129556434127,False
SC404,0.75,1.0,0.6608360015917805,0.6914376626900038,0.26044805936611753,0.2147627801783003,0.10588360713560414,False
SC404,1.0,1.0,0.6606791670459871,0.6864634422560355,0.2591313000500094,0.21789418664794757,0.10606723675989174,False
SC404,0.75,1.75,0.6582949295092945,0.6885249445864715,0.3508454304393919,0.30462694304443394,0.09753341524359024,False
SC404,0.5,1.75,0.6573760912094293,0.6883996201014233,0.36064953050735205,0.31547499251967237,0.10326463893199782,False
SC404,0.25,1.75,0.6564220714942183,0.6924213700173883,0.3731813501172748,0.3336804371531848,0.09827653390778776,False
SC404,1.0,1.75,0.6552033567896568,0.6817986691956847,0.3163402762415962,0.2728812961972503,0.10210148267883112,False
SC405,0.25,1.2,0.6534470551593806,0.6778618299652321,0.39221661501870375,0.39221661501870375,0.09812758271430942,True
SC405,0.25,1.1,0.6532706890145927,0.6764203213534666,0.3701191153842574,0.36865087044913336,0.10227417237811315,False
SC405,0.25,1.35,0.6515650402671372,0.6765743688466164,0.39367899239166276,0.39367899239166276,0.09094956028097331,False
SC405,0.25,1.0,0.6504197647070519,0.6737250347890005,0.351820635504846,0.351820635504846,0.09911028068756249,False
SC405,0.5,1.35,0.650117843057863,0.6751770653292468,0.37740964479923805,0.3758445305116417,0.10399178941748033,False
SC405,0.5,1.2,0.6481563382920873,0.6728122277564015,0.37172038995401013,0.37172038995401013,0.10861888388493199,False
SC405,0.75,1.35,0.6465604352659318,0.670836709720344,0.3758850877467011,0.3752764772309698,0.1100199312604827,False
SC405,0.5,1.5,0.6453274683484529,0.6712417003708967,0.3856406407419275,0.3689977835990703,0.10413635663492588,False
SC405,0.5,1.1,0.6452425075248113,0.6703957634853976,0.3524100353001536,0.3524100353001536,0.10771376956035807,False
SC405,0.25,1.5,0.6439636657207827,0.6710709787542536,0.39660798562474264,0.38126711831907745,0.09053925931378634,False
SC405,1.0,1.5,0.6406913084965901,0.6617623570142197,0.369445461328741,0.36315374480168344,0.09994054372834646,False
SC405,0.75,1.2,0.6402580308801108,0.6663442541766771,0.3393230277812802,0.3393230277812802,0.10881469826342133,False
SC405,0.75,1.5,0.6401766427260022,0.6691405625237417,0.36033629655956184,0.32738560590309895,0.11086288943944063,False
SC405,0.5,1.0,0.6384109949824913,0.6631653059628813,0.31396407449975133,0.31396407449975133,0.10162940336323278,False
SC405,1.0,1.35,0.6368009995196985,0.6583930513504532,0.34572788804244337,0.34498466990792087,0.10071328979556236,False
SC405,0.75,1.1,0.6343683656360051,0.6598800597926886,0.3094966866152267,0.3094966866152267,0.10062134165195176,False
SC405,0.75,1.75,0.6315987303597792,0.6591914039647869,0.3661230808771408,0.33273332630950997,0.11427809542154756,False
SC405,0.25,1.75,0.6311120172156861,0.6623184544888072,0.39272697719088356,0.36081284481163495,0.09022402601328725,False
SC405,0.75,1.0,0.6309858911091193,0.6574156587445866,0.2952670662841985,0.2952670662841985,0.09955348911984718,False
SC405,1.0,1.2,0.6291575858560621,0.6503494939007812,0.30160422858000124,0.30160422858000124,0.09428025260902137,False
SC405,0.5,1.75,0.6289015837007755,0.6578407430361544,0.3822097568790389,0.34724513423752945,0.0960731869863856,False
SC405,1.0,1.1,0.6248148726049109,0.6469893444457531,0.284644756347285,0.284644756347285,0.09453063630289286,False
SC405,1.0,1.0,0.6247990427810156,0.6468087109529262,0.2731158889130656,0.2731158889130656,0.09483947432817642,False
SC405,1.0,1.75,0.6247646423170183,0.6486298961790878,0.3530337213549825,0.3157003880216491,0.11046010505503329,False
