subject,recording,epoch,start_sec,label,offline_full_recording_raw,offline_full_recording_smoothed,causal_expanding_raw,causal_expanding_smoothed,rolling_5min_raw,rolling_5min_smoothed,rolling_10min_raw,rolling_10min_smoothed,rolling_30min_raw,rolling_30min_smoothed,warmup_5min_raw,warmup_5min_smoothed,warmup_10min_raw,warmup_10min_smoothed,warmup_30min_raw,warmup_30min_smoothed,training_global_fixed_raw,training_global_fixed_smoothed
SC402,SC4021,671,20130.0,Wake,Wake,Wake,N2,N2,N2,N2,N2,N2,N2,N2,Wake,Wake,N2,N2,N2,N2,Wake,Wake
SC402,SC4021,672,20160.0,Wake,Wake,Wake,N2,N2,N2,N2,N2,N2,N2,N2,REM,REM,REM,N2,REM,N2,Wake,Wake
SC402,SC4021,673,20190.0,Wake,Wake,Wake,N2,N2,N2,N2,N2,N2,N2,N2,N2,N2,N2,N2,N2,N2,Wake,Wake
SC402,SC4021,674,20220.0,Wake,Wake,Wake,Wake,N2,Wake,N2,Wake,N2,Wake,N2,Wake,Wake,Wake,N2,N2,N2,Wake,Wake
SC402,SC4021,675,20250.0,Wake,Wake,Wake,N2,N2,N2,N2,N2,N2,N2,N2,Wake,Wake,N2,N2,N2,N2,Wake,Wake
SC402,SC4021,676,20280.0,Wake,Wake,Wake,N2,N2,N2,N2,N2,N2,N2,N2,N1,N1,N2,N2,N2,N2,Wake,Wake
SC402,SC4021,677,20310.0,Wake,Wake,Wake,N2,N2,N2,N2,N2,N2,N2,N2,N2,N2,N2,N2,N2,N2,N2,Wake
SC402,SC4021,678,20340.0,Wake,Wake,Wake,N2,N2,N2,N2,N2,N2,N2,N2,N2,N2,N2,N2,N2,N2,Wake,Wake
SC402,SC4021,679,20370.0,Wake,Wake,Wake,N2,N2,N2,N2,N2,N2,N2,N2,N2,N2,N2,N2,N2,N2,Wake,Wake
SC402,SC4021,680,20400.0,Wake,Wake,Wake,N2,N2,N2,N2,N2,N2,N2,N2,N2,N2,N2,N2,N2,N2,N2,Wake
SC402,SC4021,681,20430.0,Wake,Wake,Wake,N1,N1,N1,N1,N1,N1,N1,N1,N1,N1,N2,N2,N2,N2,Wake,Wake
SC402,SC4021,682,20460.0,Wake,N1,Wake,N1,N1,N1,N1,N1,N1,N1,N1,Wake,Wake,Wake,N2,Wake,Wake,N1,Wake
SC402,SC4021,683,20490.0,Wake,Wake,Wake,N2,N2,Wake,Wake,N2,N2,N2,N2,Wake,Wake,N2,N2,N1,N1,Wake,Wake
SC402,SC4021,684,20520.0,Wake,Wake,Wake,N2,N2,N2,N2,N2,N2,N2,N2,N2,N2,N2,N2,N2,N2,N2,N2
SC402,SC4021,685,20550.0,Wake,Wake,Wake,N2,N2,N2,N2,N2,N2,N2,N2,N2,N2,N2,N2,N2,N2,N2,N2
SC402,SC4021,686,20580.0,Wake,Wake,Wake,N2,N2,N2,N2,N2,N2,N2,N2,N2,N2,N2,N2,N2,N2,N2,N2
SC402,SC4021,687,20610.0,Wake,Wake,Wake,N2,N2,N2,N2,N2,N2,N2,N2,N2,N2,N2,N2,N2,N2,N2,N2
SC402,SC4021,688,20640.0,Wake,Wake,Wake,N2,N2,N2,N2,N2,N2,N2,N2,N2,N2,N2,N2,N2,N2,N2,N2
SC402,SC4021,689,20670.0,Wake,Wake,Wake,N2,N2,N2,N2,N2,N2,N2,N2,N2,N2,N2,N2,N2,N2,N2,N2
SC402,SC4021,690,20700.0,Wake,Wake,Wake,N2,N2,Wake,N2,N2,N2,N2,N2,N2,N2,N2,N2,N2,N2,N2,N2
SC402,SC4021,691,20730.0,Wake,Wake,Wake,N2,N2,N2,N2,N2,N2,N2,N2,N2,N2,N2,N2,N2,N2,N2,N2
SC402,SC4021,692,20760.0,Wake,Wake,Wake,N2,N2,N2,N2,N2,N2,N2,N2,N2,N2,N2,N2,N2,N2,N2,N2
SC402,SC4021,693,20790.0,Wake,Wake,Wake,N2,N2,N2,N2,N2,N2,N2,N2,N2,N2,N2,N2,N2,N2,N2,N2
SC402,SC4021,694,20820.0,Wake,Wake,Wake,Wake,N2,Wake,Wake,Wake,N2,Wake,N2,Wake,N2,Wake,N2,N2,N2,Wake,Wake
SC402,SC4021,695,20850.0,Wake,Wake,Wake,N2,N2,Wake,Wake,N2,N2,N2,N2,N2,N2,N2,N2,N2,N2,Wake,Wake
SC402,SC4021,696,20880.0,Wake,Wake,Wake,N2,N2,Wake,Wake,N2,N2,N2,N2,N2,N2,N2,N2,N2,N2,Wake,Wake
SC402,SC4021,697,20910.0,Wake,Wake,Wake,Wake,Wake,Wake,Wake,Wake,Wake,Wake,Wake,Wake,Wake,Wake,Wake,N2,N2,Wake,Wake
SC402,SC4021,698,20940.0,Wake,Wake,Wake,Wake,Wake,Wake,Wake,Wake,Wake,Wake,Wake,Wake,Wake,Wake,Wake,Wake,Wake,Wake,Wake
SC402,SC4021,699,20970.0,Wake,Wake,Wake,Wake,Wake,Wake,Wake,Wake,Wake,Wake,Wake,Wake,Wake,Wake,Wake,Wake,Wake,Wake,Wake
SC402,SC4021,700,21000.0,Wake,Wake,Wake,Wake,Wake,Wake,Wake,Wake,Wake,Wake,Wake,Wake,Wake,Wake,Wake,Wake,Wake,Wake,Wake
SC402,SC4021,701,21030.0,Wake,Wake,Wake,Wake,Wake,N2,Wake,Wake,Wake,Wake,Wake,Wake,Wake,Wake,Wake,Wake,Wake,Wake,Wake
SC402,SC4021,702,21060.0,Wake,Wake,Wake,Wake,Wake,Wake,N2,Wake,Wake,Wake,Wake,Wake,Wake,Wake,Wake,Wake,Wake,Wake,Wake
SC402,SC4021,703,21090.0,Wake,Wake,Wake,N2,Wake,N2,N2,N2,N2,N2,Wake,N2,N2,Wake,Wake,N2,N2,Wake,Wake
SC402,SC4021,704,21120.0,Wake,Wake,Wake,Wake,Wake,N2,N2,N2,N2,Wake,Wake,N2,N2,Wake,Wake,N2,N2,Wake,Wake
SC402,SC4021,705,21150.0,Wake,Wake,Wake,Wake,Wake,N2,N2,Wake,Wake,Wake,Wake,Wake,Wake,Wake,Wake,N2,N2,Wake,Wake
SC402,SC4021,706,21180.0,Wake,Wake,Wake,Wake,Wake,N3,N2,Wake,Wake,Wake,Wake,Wake,Wake,Wake,Wake,Wake,Wake,Wake,Wake
SC402,SC4021,707,21210.0,Wake,Wake,Wake,Wake,Wake,N2,N2,N3,Wake,Wake,Wake,Wake,Wake,Wake,Wake,Wake,Wake,Wake,Wake
SC402,SC4021,708,21240.0,Wake,Wake,Wake,Wake,Wake,Wake,Wake,Wake,Wake,Wake,Wake,Wake,Wake,Wake,Wake,Wake,Wake,Wake,Wake
SC402,SC4021,709,21270.0,Wake,Wake,Wake,Wake,Wake,Wake,Wake,Wake,Wake,Wake,Wake,Wake,Wake,Wake,Wake,Wake,Wake,Wake,Wake
SC402,SC4021,710,21300.0,Wake,Wake,Wake,Wake,Wake,N2,N2,N3,N3,Wake,Wake,Wake,Wake,Wake,Wake,Wake,Wake,Wake,Wake
SC402,SC4021,711,21330.0,Wake,Wake,Wake,N3,N3,N2,N2,N3,N3,N3,N3,Wake,Wake,Wake,Wake,N3,N3,Wake,Wake
SC402,SC4021,712,21360.0,Wake,Wake,Wake,N2,N3,N2,N2,N2,N2,N2,N3,N3,N3,N3,Wake,N2,N3,Wake,Wake
SC402,SC4021,713,21390.0,Wake,Wake,Wake,N3,N3,N2,N2,N2,N2,N3,N3,N3,N3,Wake,Wake,N3,N2,Wake,Wake
SC402,SC4021,714,21420.0,Wake,Wake,Wake,Wake,Wake,Wake,Wake,N2,N2,Wake,Wake,N3,N3,Wake,Wake,N2,N2,Wake,Wake
SC402,SC4021,715,21450.0,Wake,Wake,Wake,Wake,Wake,N1,N1,N2,N2,Wake,Wake,Wake,Wake,Wake,Wake,Wake,Wake,Wake,Wake
SC402,SC4021,716,21480.0,Wake,Wake,Wake,Wake,Wake,N2,N2,N2,N2,Wake,Wake,Wake,Wake,Wake,Wake,Wake,Wake,Wake,Wake
SC402,SC4021,717,21510.0,Wake,Wake,Wake,N2,N2,REM,N2,N2,N2,N2,N2,Wake,Wake,Wake,Wake,N2,N2,Wake,Wake
SC402,SC4021,718,21540.0,Wake,Wake,Wake,N2,N2,N2,REM,REM,REM,N2,N2,N3,Wake,Wake,Wake,N2,N2,Wake,Wake
SC402,SC4021,719,21570.0,Wake,Wake,Wake,N2,N2,REM,N2,REM,REM,N2,N2,Wake,Wake,Wake,Wake,N2,N2,Wake,Wake
SC402,SC4021,720,21600.0,Wake,Wake,Wake,N2,N2,N2,N2,N2,N2,N2,N2,N2,N2,Wake,Wake,N2,N2,Wake,Wake
SC402,SC4021,721,21630.0,Wake,Wake,Wake,N2,N2,N2,N2,N2,N2,N2,N2,N2,N2,Wake,Wake,N2,N2,Wake,Wake
SC402,SC4021,722,21660.0,Wake,Wake,Wake,Wake,Wake,Wake,Wake,Wake,Wake,Wake,Wake,Wake,Wake,Wake,Wake,Wake,Wake,Wake,Wake
SC402,SC4021,723,21690.0,Wake,N1,Wake,N1,N1,N1,N1,N1,N1,N1,N1,Wake,Wake,N1,Wake,N1,N1,N1,N1
SC402,SC4021,724,21720.0,Wake,Wake,Wake,N1,N1,N1,N1,N1,N1,N1,N1,Wake,Wake,Wake,Wake,N1,N1,N1,N1
SC402,SC4021,725,21750.0,Wake,Wake,Wake,Wake,Wake,N2,N2,N2,N2,Wake,Wake,Wake,Wake,Wake,Wake,Wake,Wake,Wake,Wake
SC402,SC4021,726,21780.0,Wake,Wake,Wake,Wake,Wake,Wake,Wake,Wake,Wake,Wake,Wake,Wake,Wake,Wake,Wake,Wake,Wake,Wake,Wake
SC402,SC4021,727,21810.0,Wake,Wake,Wake,Wake,Wake,Wake,Wake,Wake,Wake,Wake,Wake,Wake,Wake,Wake,Wake,Wake,Wake,Wake,Wake
SC402,SC4021,728,21840.0,Wake,Wake,Wake,Wake,Wake,N3,N3,N2,N2,Wake,Wake,Wake,Wake,Wake,Wake,Wake,Wake,Wake,Wake
SC402,SC4021,729,21870.0,N1,Wake,Wake,Wake,Wake,N2,N2,N2,N2,Wake,Wake,Wake,Wake,Wake,Wake,Wake,Wake,Wake,Wake
SC402,SC4021,730,21900.0,N1,Wake,Wake,N2,Wake,N2,N2,N2,N2,N2,Wake,Wake,Wake,Wake,Wake,N2,Wake,Wake,Wake
SC402,SC4021,731,21930.0,N1,Wake,Wake,Wake,Wake,N2,N2,N2,N2,Wake,Wake,Wake,Wake,Wake,Wake,Wake,Wake,Wake,Wake
SC402,SC4021,732,21960.0,N1,Wake,Wake,Wake,Wake,N2,N2,N2,N2,Wake,Wake,Wake,Wake,N1,Wake,Wake,Wake,N1,N1
SC402,SC4021,733,21990.0,N1,N1,N1,Wake,Wake,Wake,Wake,N1,N1,Wake,Wake,Wake,Wake,Wake,Wake,Wake,Wake,N1,N1
SC402,SC4021,734,22020.0,N1,N1,N1,Wake,Wake,N1,N1,Wake,N1,Wake,Wake,Wake,Wake,Wake,Wake,Wake,Wake,N1,N1
SC402,SC4021,735,22050.0,N1,N1,N1,N1,N1,N1,N1,N1,N1,N1,N1,N1,N1,Wake,Wake,Wake,Wake,N1,N1
SC402,SC4021,736,22080.0,N1,N1,N1,N1,N1,N1,N1,N1,N1,N1,N1,N1,N1,N1,N1,N1,N1,N1,N1
SC402,SC4021,737,22110.0,N1,N1,N1,N1,N1,N2,N2,N2,N2,N1,N1,N1,N1,N1,N1,N1,N1,N1,N1
SC402,SC4021,738,22140.0,N1,N1,N1,N1,N1,N2,N2,REM,N2,REM,N1,N1,N1,N1,N1,N1,N1,N1,N1
SC402,SC4021,739,22170.0,N1,N1,N1,N1,N1,N2,N2,N2,N2,N1,N1,N1,N1,N1,N1,N1,N1,N1,N1
SC402,SC4021,740,22200.0,N1,N1,N1,N1,N1,N2,N2,N2,N2,N1,N1,N1,N1,N1,N1,N1,N1,N1,N1
SC402,SC4021,741,22230.0,N1,N1,N1,N1,N1,N2,N2,N2,N2,N1,N1,N1,N1,N1,N1,Wake,N1,N1,N1
SC402,SC4021,742,22260.0,N1,N1,N1,N1,N1,N2,N2,N2,N2,N1,N1,N1,N1,N1,N1,N1,N1,N1,N1
SC402,SC4021,743,22290.0,N1,N1,N1,N1,N1,N2,N2,N2,N2,N1,N1,N1,N1,N1,N1,N1,N1,N1,N1
SC402,SC4021,744,22320.0,N1,Wake,N1,N1,N1,Wake,Wake,N2,N2,N1,N1,N1,N1,N1,N1,N1,N1,N1,N1
SC402,SC4021,745,22350.0,N1,N1,N1,N2,N2,Wake,Wake,N2,N2,N2,N2,N1,N1,N1,N1,N1,N1,N1,N1
SC402,SC4021,746,22380.0,N1,N1,N1,REM,REM,Wake,Wake,REM,REM,REM,REM,Wake,Wake,Wake,Wake,REM,REM,N1,N1
SC402,SC4021,747,22410.0,N1,N1,N1,REM,REM,REM,REM,REM,REM,REM,REM,Wake,Wake,Wake,Wake,Wake,Wake,N1,N1
SC402,SC4021,748,22440.0,N1,N1,N1,N1,N1,N2,N2,N2,N2,N1,N1,N1,N1,N1,N1,N1,N1,N1,N1
SC402,SC4021,749,22470.0,N1,N1,N1,N1,N1,N2,N2,N2,N2,N1,N1,N1,N1,N1,N1,N1,N1,N1,N1
SC402,SC4021,750,22500.0,N1,N1,N1,N1,N1,N2,N2,N2,N2,N1,N1,N1,N1,N1,N1,N1,N1,N1,N1
SC402,SC4021,751,22530.0,N1,N1,N1,REM,REM,N2,N2,N2,N2,REM,REM,N1,N1,N1,N1,N1,N1,N1,N1
SC402,SC4021,752,22560.0,N1,N1,N1,REM,REM,N2,N2,REM,REM,REM,REM,N1,N1,N1,N1,N1,N1,N1,N1
SC402,SC4021,753,22590.0,N1,N1,N1,N1,N1,N2,N2,REM,REM,REM,REM,N1,N1,N1,N1,N1,N1,N1,N1
SC402,SC4021,754,22620.0,N1,N1,N1,N1,N1,N2,N2,N2,N2,N1,N1,N1,N1,N1,N1,Wake,N1,N1,N1
SC402,SC4021,755,22650.0,Wake,Wake,N1,N1,N1,Wake,Wake,Wake,Wake,N2,N2,Wake,N1,N1,N1,N1,N1,Wake,N1
SC402,SC4021,756,22680.0,N1,N1,Wake,N2,N2,Wake,Wake,Wake,Wake,N2,N2,N1,N1,N1,N1,N1,N1,N1,Wake
SC402,SC4021,757,22710.0,N1,Wake,N1,N2,N2,Wake,Wake,Wake,Wake,N2,N2,N2,N2,N2,N2,N2,N2,Wake,N1
SC402,SC4021,758,22740.0,N1,N1,N1,N2,N2,N2,N2,Wake,Wake,N2,N2,Wake,Wake,Wake,Wake,Wake,Wake,N1,N1
SC402,SC4021,759,22770.0,N1,N1,N1,N1,N1,N2,N2,N2,N2,N2,N2,Wake,Wake,N1,N1,N1,N1,N1,N1
SC402,SC4021,760,22800.0,N1,N1,N1,REM,REM,N2,N2,N2,N2,N2,N2,N1,N1,N1,N1,N1,N1,N1,N1
SC402,SC4021,761,22830.0,N1,N1,N1,REM,REM,N1,N2,N2,N2,REM,REM,N1,N1,N1,N1,N1,N1,N1,N1
SC402,SC4021,762,22860.0,N1,N1,N1,N1,N1,N2,N1,N2,N2,N1,N1,N1,N1,N1,N1,N1,N1,N1,N1
SC402,SC4021,763,22890.0,N1,N1,N1,N1,N1,N1,N1,N2,N2,N1,N1,N1,N1,N1,N1,N1,N1,N1,N1
SC402,SC4021,764,22920.0,N1,N1,N1,REM,REM,REM,REM,N2,N2,REM,REM,N1,N1,N1,N1,N1,N1,N1,N1
SC402,SC4021,765,22950.0,N1,N1,N1,REM,REM,N2,REM,N2,N2,REM,REM,N1,N1,N1,N1,N1,N1,N1,N1
SC402,SC4021,766,22980.0,N1,N1,N1,REM,REM,REM,REM,REM,REM,REM,REM,N1,N1,N1,N1,N1,N1,N1,N1
SC402,SC4021,767,23010.0,N1,N1,N1,REM,REM,Wake,Wake,REM,REM,REM,REM,N1,N1,N1,N1,N1,N1,N1,N1
SC402,SC4021,768,23040.0,N1,N1,N1,REM,REM,Wake,Wake,N2,N2,N2,REM,N1,N1,N1,N1,N1,N1,N1,N1
SC402,SC4021,769,23070.0,N1,N1,N1,REM,REM,Wake,Wake,N2,N2,REM,REM,N1,N1,REM,REM,REM,N1,REM,REM
SC402,SC4021,770,23100.0,N1,N1,N1,REM,REM,Wake,Wake,N3,N3,REM,REM,Wake,Wake,REM,REM,N1,REM,REM,REM
SC402,SC4021,771,23130.0,N2,REM,REM,REM,REM,Wake,Wake,Wake,N3,REM,REM,REM,Wake,REM,REM,REM,REM,REM,REM
SC402,SC4021,772,23160.0,N2,REM,REM,REM,REM,Wake,Wake,N3,N3,N2,N2,Wake,REM,REM,REM,REM,REM,REM,REM
SC402,SC4021,773,23190.0,N2,REM,REM,N2,N2,N2,N2,N3,N3,N2,N2,REM,REM,REM,REM,REM,REM,REM,REM
SC402,SC4021,774,23220.0,N2,REM,REM,N2,N2,N2,N2,N2,N2,N2,N2,REM,REM,REM,REM,N1,N1,REM,REM
SC402,SC4021,775,23250.0,N2,REM,REM,N2,N2,N2,N2,N2,N2,N2,N2,N2,N2,N2,N2,N1,N1,N2,N2
SC402,SC4021,776,23280.0,N2,N2,N2,N2,N2,N2,N2,Wake,Wake,N2,N2,N2,N2,N2,N2,N2,N2,N2,N2
SC402,SC4021,777,23310.0,N2,N2,N2,N2,N2,N2,N2,Wake,Wake,N2,N2,N2,N2,N2,N2,N2,N2,N2,N2
SC402,SC4021,778,23340.0,N2,N2,N2,N2,N2,N2,N2,N2,N2,N2,N2,N2,N2,N2,N2,N2,N2,N2,N2
SC402,SC4021,779,23370.0,N2,N2,N2,N2,N2,N2,N2,N2,N2,N2,N2,N2,N2,N2,N2,N2,N2,N2,N2
SC402,SC4021,780,23400.0,N2,N2,N2,N2,N2,N2,N2,N2,N2,N2,N2,N2,N2,N2,N2,N2,N2,N2,N2
SC402,SC4021,781,23430.0,N2,N2,N2,N2,N2,N2,N2,N2,N2,N2,N2,N2,N2,N2,N2,N2,N2,N2,N2
SC402,SC4021,782,23460.0,N2,N2,N2,N2,N2,N2,N2,N2,N2,N2,N2,N2,N2,N2,N2,N2,N2,N2,N2
SC402,SC4021,783,23490.0,N2,N2,N2,N2,N2,N2,N2,N2,N2,N2,N2,N2,N2,N2,N2,N2,N2,N2,N2
SC402,SC4021,784,23520.0,N2,N2,N2,N2,N2,N2,N2,N2,N2,N2,N2,N2,N2,N2,N2,N2,N2,N2,N2
SC402,SC4021,785,23550.0,N2,N2,N2,N2,N2,N2,N2,N2,N2,N2,N2,N2,N2,N2,N2,N2,N2,N2,N2
SC402,SC4021,786,23580.0,N2,N2,N2,N2,N2,N3,N2,N2,N2,N2,N2,N2,N2,N2,N2,N2,N2,N2,N2
SC402,SC4021,787,23610.0,N2,N2,N2,N2,N2,N2,N3,N2,N2,N2,N2,N2,N2,N2,N2,N2,N2,N2,N2
SC402,SC4021,788,23640.0,N2,N2,N2,N2,N2,N3,N3,N2,N2,N2,N2,N2,N2,N2,N2,N2,N2,N2,N2
SC402,SC4021,789,23670.0,N2,N2,N2,N2,N2,N3,N3,N3,N3,N2,N2,N2,N2,N2,N2,N2,N2,N2,N2
SC402,SC4021,790,23700.0,N2,N2,N2,N2,N2,N3,N3,N3,N3,N3,N3,N2,N2,N2,N2,N2,N2,N2,N2
SC402,SC4021,791,23730.0,N2,N3,N3,N2,N2,N3,N3,N3,N3,N3,N3,N2,N2,N2,N2,N2,N2,N2,N2
SC402,SC4021,792,23760.0,N2,N3,N3,N2,N2,N3,N3,N3,N3,N3,N3,N2,N2,N2,N2,N2,N2,N3,N2
SC402,SC4021,793,23790.0,N2,N3,N3,N2,N2,N3,N3,N3,N3,N3,N3,N2,N2,N2,N2,N2,N2,N2,N3
SC402,SC4021,794,23820.0,N2,N2,N2,N2,N2,N2,N3,N3,N3,N3,N3,N2,N2,N2,N2,N2,N2,N3,N3
SC402,SC4021,795,23850.0,N2,N2,N2,N2,N2,N3,N3,N3,N3,N3,N3,N2,N2,N2,N2,N2,N2,N3,N3
SC402,SC4021,796,23880.0,N2,N3,N3,N3,N3,N3,N3,N3,N3,N3,N3,N2,N2,N2,N2,N2,N2,N3,N3
SC402,SC4021,797,23910.0,N2,N3,N3,N3,N3,Wake,Wake,Wake,Wake,Wake,Wake,N2,N2,N3,N2,N2,N2,N3,N3
SC402,SC4021,798,23940.0,N2,N3,N3,N3,N3,Wake,Wake,Wake,Wake,Wake,Wake,N2,N2,N2,N2,N2,N2,N2,N3
SC402,SC4021,799,23970.0,N2,N3,N3,N3,N3,N2,N2,Wake,Wake,Wake,Wake,N2,N2,N2,N2,N2,N2,N3,N3
SC402,SC4021,800,24000.0,N2,N3,N3,N3,N3,N2,N2,N3,N3,N3,N3,N2,N2,N2,N2,N2,N2,N3,N3
SC402,SC4021,801,24030.0,N2,N3,N3,N3,N3,N2,N2,N3,N3,N3,N3,N2,N2,N2,N2,N2,N2,N3,N3
SC402,SC4021,802,24060.0,Wake,N2,N2,N2,N2,Wake,Wake,N1,N1,Wake,N3,N2,N2,N2,N2,N2,N2,N2,N2
SC402,SC4021,803,24090.0,N2,N2,N2,N2,N2,N1,N1,N1,N1,N3,N3,N2,N2,N2,N2,N2,N2,N2,N2
SC402,SC4021,804,24120.0,N2,N2,N2,N2,N2,REM,REM,N1,N1,N3,N3,N2,N2,N2,N2,N2,N2,N2,N2
SC402,SC4021,805,24150.0,N2,N2,N2,N3,N2,REM,REM,REM,REM,N3,N3,N2,N2,N2,N2,N2,N2,N2,N2
SC402,SC4021,806,24180.0,N2,N2,N2,N2,N2,N1,N1,REM,REM,N2,N2,N2,N2,N2,N2,N2,N2,N2,N2
SC402,SC4021,807,24210.0,N2,N2,N2,N2,N2,N2,N2,REM,REM,N2,N2,N2,N2,N2,N2,N2,N2,N2,N2
SC402,SC4021,808,24240.0,N2,N2,N2,N2,N2,N2,N2,REM,REM,N2,N2,N2,N2,N2,N2,N2,N2,N2,N2
SC402,SC4021,809,24270.0,N2,N2,N2,N2,N2,N2,N2,REM,REM,Wake,N2,N2,N2,N2,N2,N2,N2,N2,N2
SC402,SC4021,810,24300.0,N2,N2,N2,N2,N2,N2,N2,REM,REM,N2,N2,N2,N2,N2,N2,N2,N2,N2,N2
SC402,SC4021,811,24330.0,N2,N2,N2,N2,N2,N2,N2,N2,N2,N2,N2,N2,N2,N2,N2,N2,N2,N2,N2
SC402,SC4021,812,24360.0,N2,N2,N2,N2,N2,N2,N2,N2,N2,N2,N2,N2,N2,N2,N2,N2,N2,N2,N2
SC402,SC4021,813,24390.0,N2,N2,N2,N2,N2,N2,N2,N2,N2,N3,N3,N2,N2,N2,N2,N2,N2,N2,N2
SC402,SC4021,814,24420.0,N2,N2,N2,N2,N2,N2,N2,N2,N2,N3,N3,N2,N2,N2,N2,N2,N2,N2,N2
SC402,SC4021,815,24450.0,N2,N2,N2,N3,N2,N2,N2,N2,N2,N3,N3,N2,N2,N2,N2,N2,N2,N2,N2
SC402,SC4021,816,24480.0,N2,N2,N2,N2,N2,N2,N2,N2,N2,N2,N3,N2,N2,N2,N2,N2,N2,N2,N2
SC402,SC4021,817,24510.0,N2,N2,N2,N2,N2,N2,N2,N2,N2,N3,N3,N2,N2,N2,N2,N2,N2,N2,N2
SC402,SC4021,818,24540.0,N3,N3,N3,N3,N3,N3,N3,N2,N2,N3,N3,N2,N2,N2,N2,N2,N2,N3,N3
SC402,SC4021,819,24570.0,N3,N3,N3,N3,N3,N3,N3,N3,N3,N3,N3,N2,N2,N2,N2,N2,N2,N3,N3
SC402,SC4021,820,24600.0,N2,N3,N3,N3,N3,N3,N3,N3,N3,Wake,Wake,N2,N2,N3,N3,N2,N2,N3,N3
SC402,SC4021,821,24630.0,N2,N3,N3,N3,N3,N3,N3,N3,N3,Wake,Wake,N2,N2,N3,N3,N2,N2,N3,N3
SC402,SC4021,822,24660.0,N3,N3,N3,N3,N3,N3,N3,N3,N3,N3,Wake,N3,N3,N3,N3,N2,N2,N3,N3
SC402,SC4021,823,24690.0,N3,N3,N3,N3,N3,N3,N3,N3,N3,Wake,Wake,N3,N3,N3,N3,N2,N2,N3,N3
SC402,SC4021,824,24720.0,N3,N3,N3,N3,N3,N3,N3,N3,N3,Wake,Wake,Wake,N3,N3,N3,N3,N3,N3,N3
SC402,SC4021,825,24750.0,N2,N3,N3,N3,N3,N2,N2,N3,N3,Wake,Wake,N3,N3,N3,N3,N3,N3,N3,N3
SC402,SC4021,826,24780.0,N3,N3,N3,N3,N3,N2,N2,N3,N3,Wake,Wake,N3,N3,N3,N3,N3,N3,N3,N3
SC402,SC4021,827,24810.0,N3,N3,N3,N3,N3,Wake,Wake,N3,N3,Wake,Wake,N3,N3,N3,N3,N3,N3,N3,N3
SC402,SC4021,828,24840.0,N3,N3,N3,N3,N3,Wake,Wake,N3,N3,Wake,Wake,Wake,N3,N3,N3,N3,N3,N3,N3
SC402,SC4021,829,24870.0,N2,N3,N3,N3,N3,N2,N2,N3,N3,Wake,Wake,N3,Wake,N3,N3,N3,N3,N3,N3
SC402,SC4021,830,24900.0,N3,N3,N3,N3,N3,N2,N2,N3,N3,N3,N3,Wake,N3,N3,N3,N3,N3,N3,N3
SC402,SC4021,831,24930.0,N3,N3,N3,N3,N3,N2,N2,N2,N2,N3,N3,N3,N3,N3,N3,N3,N3,N3,N3
SC402,SC4021,832,24960.0,N2,N3,N3,N3,N3,REM,N2,N2,N2,N3,N3,N3,N3,N3,N3,N3,N3,N3,N3
SC402,SC4021,833,24990.0,N3,N3,N3,N3,N3,N2,N2,N2,N2,N3,N3,N3,N3,N3,N3,N3,N3,N3,N3
SC402,SC4021,834,25020.0,N3,N3,N3,N3,N3,Wake,Wake,Wake,Wake,Wake,Wake,Wake,Wake,Wake,Wake,N3,N3,N3,N3
SC402,SC4021,835,25050.0,N3,N3,N3,N3,N3,Wake,Wake,N3,N3,Wake,Wake,Wake,Wake,Wake,Wake,N3,N3,N3,N3
SC402,SC4021,836,25080.0,N3,N3,N3,N3,N3,N2,N2,N3,N3,Wake,Wake,Wake,Wake,Wake,Wake,N3,N3,N3,N3
SC402,SC4021,837,25110.0,N3,N3,N3,N3,N3,N2,N2,N3,N3,Wake,Wake,Wake,Wake,Wake,Wake,N3,N3,N3,N3
SC402,SC4021,838,25140.0,N3,N3,N3,N3,N3,N1,N2,N2,N2,N3,N3,Wake,Wake,Wake,Wake,N3,N3,N3,N3
SC402,SC4021,839,25170.0,N3,N3,N3,N3,N3,N2,N2,N2,N2,N3,N3,Wake,Wake,N3,Wake,N3,N3,N3,N3
SC402,SC4021,840,25200.0,N3,N3,N3,N3,N3,REM,N2,Wake,N2,N3,N3,Wake,Wake,Wake,Wake,N3,N3,N3,N3
SC402,SC4021,841,25230.0,N3,N3,N3,N3,N3,N2,N2,N2,N2,N3,N3,Wake,Wake,Wake,Wake,N3,N3,N3,N3
SC402,SC4021,842,25260.0,N3,N3,N3,N3,N3,N2,N2,N2,N2,N3,N3,Wake,Wake,Wake,Wake,N3,N3,N3,N3
SC402,SC4021,843,25290.0,N3,N3,N3,N3,N3,N2,N2,N2,N2,N3,N3,Wake,Wake,Wake,Wake,N3,N3,N3,N3
SC402,SC4021,844,25320.0,N3,N3,N3,N3,N3,N2,N2,N2,N2,N3,N3,Wake,Wake,N3,N3,N3,N3,N3,N3
SC402,SC4021,845,25350.0,N3,N3,N3,N3,N3,Wake,Wake,Wake,Wake,Wake,Wake,Wake,Wake,N3,N3,N3,N3,N3,N3
SC402,SC4021,846,25380.0,N3,N3,N3,N3,N3,Wake,Wake,Wake,Wake,Wake,Wake,N3,N3,N3,N3,N3,N3,N3,N3
SC402,SC4021,847,25410.0,N2,N2,N2,N2,N2,REM,REM,N1,Wake,Wake,Wake,N3,N3,Wake,N3,N3,N3,N2,N3
SC402,SC4021,848,25440.0,N2,N2,N2,N2,N2,REM,REM,Wake,Wake,REM,Wake,N2,N3,N3,N3,N2,N3,N3,N3
SC402,SC4021,849,25470.0,N2,N2,N2,N2,N2,REM,REM,Wake,Wake,Wake,Wake,N3,N2,N3,N3,N3,N2,N3,N3
SC402,SC4021,850,25500.0,N2,N2,N2,N2,N2,Wake,Wake,Wake,Wake,Wake,Wake,N2,N2,N2,N2,N2,N2,N2,N2
SC402,SC4021,851,25530.0,N2,N2,N2,N2,N2,N1,N1,N1,N1,Wake,Wake,N2,N2,N2,N2,N2,N2,N2,N2
SC402,SC4021,852,25560.0,N3,N2,N2,N2,N2,N2,N2,N1,N1,N2,N2,N2,N2,N2,N2,N2,N2,N2,N2
SC402,SC4021,853,25590.0,N2,N2,N2,N2,N2,N2,N2,REM,REM,N1,N1,N2,N2,N2,N2,N2,N2,N2,N2
SC402,SC4021,854,25620.0,N2,N2,N2,N2,N2,N2,N2,REM,REM,REM,REM,N2,N2,N2,N2,N2,N2,N2,N2
SC402,SC4021,855,25650.0,N2,N2,N2,N2,N2,N2,N2,N1,N1,N2,N2,N2,N2,N2,N2,N2,N2,N2,N2
SC402,SC4021,856,25680.0,N2,N2,N2,N2,N2,N2,N2,N2,N2,N2,N2,N2,N2,N2,N2,N2,N2,N2,N2
SC402,SC4021,857,25710.0,N2,N2,N2,N2,N2,N2,N2,N2,N2,N2,N2,N2,N2,N2,N2,N2,N2,N2,N2
SC402,SC4021,858,25740.0,N2,N2,N2,N2,N2,Wake,N2,N1,N1,REM,REM,N2,N2,N2,N2,N2,N2,N2,N2
SC402,SC4021,859,25770.0,N2,N2,N2,N2,N2,N2,N2,N1,N1,N1,N1,N2,N2,N2,N2,N2,N2,N2,N2
SC402,SC4021,860,25800.0,N2,N2,N2,N2,N2,N2,N2,N2,N2,N1,N1,N2,N2,N2,N2,N2,N2,N2,N2
SC402,SC4021,861,25830.0,N2,N2,N2,N2,N2,N2,N2,N2,N2,N2,N2,N2,N2,N2,N2,N2,N2,N2,N2
SC402,SC4021,862,25860.0,N3,N2,N2,N2,N2,N2,N2,N2,N2,N2,N2,N2,N2,N2,N2,N2,N2,N3,N2
SC402,SC4021,863,25890.0,N2,N2,N2,N2,N2,N1,N1,N1,N1,N1,N1,N2,N2,N2,N2,N2,N2,N2,N2
SC402,SC4021,864,25920.0,N2,N2,N2,N2,N2,Wake,Wake,N1,N1,N1,N1,N2,N2,N2,N2,N2,N2,N2,N2
SC402,SC4021,865,25950.0,N2,N2,N2,N2,N2,N2,N2,N2,N2,N1,N1,N2,N2,N2,N2,N2,N2,N2,N2
SC402,SC4021,866,25980.0,N2,N2,N2,N2,N2,N2,N2,N2,N2,N2,N1,N2,N2,N2,N2,N2,N2,N2,N2
SC402,SC4021,867,26010.0,N1,N2,N2,N2,N2,N2,N2,N1,N2,N1,N1,N2,N2,N2,N2,N2,N2,N2,N2
SC402,SC4021,868,26040.0,N2,N2,N2,N2,N2,N2,N2,N2,N2,N1,N1,N2,N2,N2,N2,N2,N2,N2,N2
SC402,SC4021,869,26070.0,N2,N2,N2,N2,N2,N2,N2,N2,N2,N1,N1,N2,N2,N2,N2,N2,N2,N2,N2
SC402,SC4021,870,26100.0,N2,N2,N2,N2,N2,N2,N2,N2,N2,REM,REM,N2,N2,N2,N2,N2,N2,N2,N2
SC402,SC4021,871,26130.0,N2,N2,N2,N2,N2,N2,N2,Wake,Wake,REM,REM,N2,N2,N2,N2,N2,N2,N2,N2
SC402,SC4021,872,26160.0,N2,N2,N2,N2,N2,N2,N2,N1,N1,REM,REM,N2,N2,N2,N2,N2,N2,N2,N2
SC402,SC4021,873,26190.0,N2,N2,N2,N2,N2,N2,N2,N2,N2,N2,REM,N2,N2,N2,N2,N2,N2,N2,N2
SC402,SC4021,874,26220.0,N2,N2,N2,N2,N2,N2,N2,N2,N2,REM,REM,N2,N2,N2,N2,N2,N2,N2,N2
SC402,SC4021,875,26250.0,N2,N2,N2,N2,N2,N2,N2,N2,N2,REM,REM,N2,N2,N2,N2,N2,N2,N2,N2
SC402,SC4021,876,26280.0,N2,N2,N2,N2,N2,N2,N2,N2,N2,N1,REM,N2,N2,N2,N2,N2,N2,N2,N2
SC402,SC4021,877,26310.0,N2,N2,N2,N2,N2,N2,N2,N2,N2,REM,REM,N2,N2,N2,N2,N2,N2,N2,N2
SC402,SC4021,878,26340.0,N2,N2,N2,N2,N2,N2,N2,N2,N2,REM,REM,N2,N2,N2,N2,N2,N2,N2,N2
SC402,SC4021,879,26370.0,N2,N2,N2,N2,N2,N1,N1,REM,REM,REM,REM,N2,N2,N2,N2,N2,N2,N2,N2
SC402,SC4021,880,26400.0,N2,N2,N2,N2,N2,N1,N1,REM,REM,REM,REM,N2,N2,N2,N2,N2,N2,N2,N2
SC402,SC4021,881,26430.0,N2,REM,REM,REM,REM,REM,N1,REM,REM,N1,N1,N2,N2,N2,N2,N1,N2,REM,N2
SC402,SC4021,882,26460.0,N2,REM,REM,REM,REM,N1,N1,REM,REM,N1,N1,N2,N2,N2,N2,N2,N2,N2,N2
SC402,SC4021,883,26490.0,N2,N2,N2,N2,N2,N2,N1,N2,REM,N1,N1,N2,N2,N2,N2,N2,N2,N2,N2
SC402,SC4021,884,26520.0,N2,N2,N2,N2,N2,N1,N1,REM,REM,N1,N1,N2,N2,N2,N2,N1,N1,N2,N2
SC402,SC4021,885,26550.0,N2,REM,N2,REM,N2,N1,N1,REM,REM,N1,N1,N1,N2,REM,N2,N1,N1,REM,N2
SC402,SC4021,886,26580.0,N2,N2,N2,N2,N2,REM,REM,REM,REM,N1,N1,N2,N2,N2,N2,N2,N2,N2,N2
SC402,SC4021,887,26610.0,N2,N2,N2,N2,N2,N2,N2,N2,REM,REM,N1,N2,N2,N2,N2,N2,N2,N2,N2
SC402,SC4021,888,26640.0,REM,N2,N2,N2,N2,N2,N2,REM,N2,N1,N1,N2,N2,N2,N2,N2,N2,N2,N2
SC402,SC4021,889,26670.0,N2,N2,N2,N2,N2,N2,N2,N2,N2,N2,N1,N2,N2,N2,N2,N2,N2,N2,N2
SC402,SC4021,890,26700.0,N2,N2,N2,N2,N2,N1,N1,Wake,Wake,N1,N1,N2,N2,N2,N2,N2,N2,N2,N2
SC402,SC4021,891,26730.0,N2,N2,N2,N2,N2,Wake,Wake,Wake,Wake,Wake,Wake,N2,N2,N2,N2,N2,N2,N2,N2
SC402,SC4021,892,26760.0,REM,REM,REM,REM,REM,REM,REM,N1,Wake,REM,REM,N2,N2,N2,N2,REM,REM,REM,N2
SC402,SC4021,893,26790.0,N2,REM,REM,REM,REM,N2,N2,Wake,Wake,REM,REM,N2,N2,N2,N2,REM,REM,N2,N2
SC402,SC4021,894,26820.0,N2,N2,N2,N2,N2,N2,N2,Wake,Wake,N1,N1,N2,N2,N2,N2,N2,N2,N2,N2
SC402,SC4021,895,26850.0,N2,N2,N2,N2,N2,N2,N2,N1,N1,N1,N1,N2,N2,N2,N2,N2,N2,N2,N2
SC402,SC4021,896,26880.0,N2,N2,N2,REM,N2,N2,N2,N2,N2,N1,N1,N2,N2,N2,N2,N2,N2,N2,N2
SC402,SC4021,897,26910.0,N2,N2,N2,N2,N2,N2,N2,N2,N2,REM,REM,N2,N2,N2,N2,N2,N2,N2,N2
SC402,SC4021,898,26940.0,N2,N2,N2,N2,N2,N2,N2,N2,N2,REM,REM,N2,N2,N2,N2,N2,N2,N2,N2
SC402,SC4021,899,26970.0,N2,N2,N2,N2,N2,N2,N2,N2,N2,N2,N2,N2,N2,N2,N2,N2,N2,N2,N2
SC402,SC4021,900,27000.0,N2,N2,N2,N2,N2,N2,N2,N2,N2,N2,N2,N2,N2,N2,N2,N2,N2,N2,N2
SC402,SC4021,901,27030.0,N2,N2,N2,N2,N2,N1,N2,Wake,N2,Wake,N2,N2,N2,N2,N2,N2,N2,N2,N2
SC402,SC4021,902,27060.0,N2,N2,N2,N2,N2,N2,N2,N2,N2,N2,N2,N2,N2,N2,N2,N2,N2,N2,N2
SC402,SC4021,903,27090.0,N2,N2,N2,N2,N2,N2,N2,N2,N2,N2,N2,N2,N2,N2,N2,N2,N2,N2,N2
SC402,SC4021,904,27120.0,N2,N2,N2,N2,N2,N2,N2,N2,N2,N2,N2,N2,N2,N2,N2,N2,N2,N2,N2
SC402,SC4021,905,27150.0,N2,N2,N2,N2,N2,N2,N2,N2,N2,N2,N2,N2,N2,N2,N2,N2,N2,N2,N2
SC402,SC4021,906,27180.0,N2,N2,N2,N2,N2,N2,N2,N2,N2,N2,N2,N2,N2,N2,N2,N2,N2,N2,N2
SC402,SC4021,907,27210.0,N2,N2,N2,N2,N2,N2,N2,N2,N2,N2,N2,N2,N2,N2,N2,N2,N2,N2,N2
SC402,SC4021,908,27240.0,N2,N2,N2,N2,N2,N2,N2,N2,N2,N2,N2,N2,N2,N2,N2,N2,N2,N2,N2
SC402,SC4021,909,27270.0,N2,N2,N2,N2,N2,Wake,Wake,N2,N2,N2,N2,N2,N2,N2,N2,N2,N2,N2,N2
SC402,SC4021,910,27300.0,N3,N2,N2,N2,N2,N3,N3,Wake,Wake,Wake,N2,N2,N2,N2,N2,N2,N2,N3,N2
SC402,SC4021,911,27330.0,N2,N2,N2,N2,N2,N2,N3,Wake,Wake,N2,N2,N2,N2,N2,N2,N2,N2,N2,N3
SC402,SC4021,912,27360.0,N2,N2,N2,N2,N2,N3,N3,N3,N3,N3,N3,N2,N2,N2,N2,N2,N2,N3,N3
SC402,SC4021,913,27390.0,N2,N2,N2,N2,N2,N3,N3,N3,N3,N3,N3,N2,N2,N2,N2,N2,N2,N3,N3
SC402,SC4021,914,27420.0,N2,N2,N2,N2,N2,N3,N3,N3,N3,Wake,Wake,N2,N2,N2,N2,N2,N2,N3,N3
SC402,SC4021,915,27450.0,N2,N3,N2,N3,N3,N3,N3,N3,N3,Wake,Wake,N2,N2,N2,N2,N2,N2,N3,N3
SC402,SC4021,916,27480.0,N2,N2,N3,N3,N3,N3,N3,N3,N3,Wake,Wake,N2,N2,N2,N2,N2,N2,N3,N3
SC402,SC4021,917,27510.0,N3,N3,N3,N3,N3,N3,N3,N3,N3,Wake,Wake,N3,N2,N3,N2,N2,N2,N3,N3
SC402,SC4021,918,27540.0,N2,N3,N3,N3,N3,N2,N2,N3,N3,Wake,Wake,N2,N2,N2,N2,N2,N2,N3,N3
SC402,SC4021,919,27570.0,N2,N3,N3,N3,N3,N2,N2,N3,N3,Wake,Wake,N2,N2,N2,N2,N2,N2,N3,N3
SC402,SC4021,920,27600.0,N3,N3,N3,N3,N3,N2,N2,N3,N3,N3,Wake,N2,N2,N3,N3,N2,N2,N3,N3
SC402,SC4021,921,27630.0,N3,N3,N3,N3,N3,Wake,Wake,N3,N3,Wake,Wake,N3,N3,N3,N3,N3,N3,N3,N3
SC402,SC4021,922,27660.0,N3,N3,N3,N3,N3,Wake,Wake,N3,N3,Wake,Wake,Wake,N3,N3,N3,N3,N3,N3,N3
SC402,SC4021,923,27690.0,N3,N3,N3,N3,N3,N3,N3,N3,N3,Wake,Wake,N3,Wake,N3,N3,N3,N3,N3,N3
SC402,SC4021,924,27720.0,N3,N3,N3,N3,N3,N2,N3,N3,N3,Wake,Wake,Wake,Wake,Wake,Wake,N3,N3,N3,N3
SC402,SC4021,925,27750.0,N3,N3,N3,N3,N3,N3,N2,N3,N3,Wake,Wake,Wake,Wake,Wake,Wake,N3,N3,N3,N3
SC402,SC4021,926,27780.0,N3,N3,N3,N3,N3,N2,N2,N2,N2,Wake,Wake,Wake,Wake,Wake,Wake,N3,N3,N3,N3
SC402,SC4021,927,27810.0,N2,N3,N3,N3,N3,REM,REM,N2,N2,Wake,Wake,N3,Wake,N3,N3,N2,N3,N2,N3
SC402,SC4021,928,27840.0,N3,N3,N3,N3,N3,Wake,Wake,N2,N2,N3,N3,Wake,Wake,N3,N3,N3,N3,N3,N3
SC402,SC4021,929,27870.0,N3,N3,N3,N3,N3,N2,N2,N2,N2,N3,N3,Wake,Wake,N3,N3,N3,N3,N3,N3
SC402,SC4021,930,27900.0,N3,N3,N3,N3,N3,N2,N2,N2,N2,N3,N3,Wake,Wake,Wake,N3,N2,N3,N3,N3
SC402,SC4021,931,27930.0,N3,N3,N3,N3,N3,N2,N2,N2,N2,N3,N3,Wake,Wake,N3,Wake,N3,N3,N3,N3
SC402,SC4021,932,27960.0,N3,N3,N3,N3,N3,N2,N2,N3,N2,N3,N3,Wake,Wake,Wake,N3,N3,N3,N3,N3
SC402,SC4021,933,27990.0,N2,N3,N3,N3,N3,REM,N2,N2,N2,N3,N3,Wake,Wake,N3,Wake,N3,N3,N3,N3
SC402,SC4021,934,28020.0,N3,N3,N3,N3,N3,N2,REM,N2,N2,N3,N3,Wake,Wake,Wake,Wake,N3,N3,N3,N3
SC402,SC4021,935,28050.0,N3,N3,N3,N3,N3,REM,REM,REM,REM,N3,N3,Wake,Wake,Wake,Wake,N3,N3,N3,N3
SC402,SC4021,936,28080.0,N3,N3,N3,N3,N3,Wake,Wake,Wake,Wake,N3,N3,Wake,Wake,N3,N3,N3,N3,N3,N3
SC402,SC4021,937,28110.0,N3,N3,N3,N3,N3,N2,N2,N2,N2,N3,N3,Wake,Wake,N3,N3,N3,N3,N3,N3
SC402,SC4021,938,28140.0,N3,N3,N3,N3,N3,N1,N2,N2,N2,N3,N3,Wake,Wake,N3,N3,N2,N3,N3,N3
SC402,SC4021,939,28170.0,N3,N3,N3,N3,N3,N2,N2,N2,N2,N3,N3,Wake,Wake,N3,N3,N3,N3,N3,N3
SC402,SC4021,940,28200.0,N3,N3,N3,N3,N3,Wake,Wake,N2,N2,N3,N3,Wake,Wake,Wake,Wake,N3,N3,N3,N3
SC402,SC4021,941,28230.0,N3,N3,N3,N3,N3,N3,N3,Wake,N2,N3,N3,Wake,Wake,Wake,Wake,N3,N3,N3,N3
SC402,SC4021,942,28260.0,N3,N3,N3,N3,N3,N2,N2,N2,N2,N3,N3,Wake,Wake,Wake,Wake,N3,N3,N3,N3
SC402,SC4021,943,28290.0,N3,N3,N3,N3,N3,N2,N2,N2,N2,N3,N3,Wake,Wake,Wake,Wake,N3,N3,N3,N3
SC402,SC4021,944,28320.0,N3,N3,N3,N3,N3,N2,N2,N2,N2,N2,N3,Wake,Wake,N2,N2,N3,N3,N3,N3
SC402,SC4021,945,28350.0,N3,N3,N3,N3,N3,N2,N2,N2,N2,N3,N3,Wake,Wake,N3,N3,N3,N3,N3,N3
SC402,SC4021,946,28380.0,N3,N3,N3,N3,N3,N2,N2,N2,N2,N3,N3,Wake,Wake,N3,N3,N3,N3,N3,N3
SC402,SC4021,947,28410.0,N3,N3,N3,N3,N3,N2,N2,N2,N2,N3,N3,Wake,Wake,Wake,Wake,N3,N3,N3,N3
SC402,SC4021,948,28440.0,N3,N3,N3,N3,N3,N2,N2,N2,N2,N3,N3,Wake,Wake,Wake,Wake,N3,N3,N3,N3
SC402,SC4021,949,28470.0,N3,N3,N3,N3,N3,N2,N2,N2,N2,N2,N3,Wake,Wake,Wake,Wake,N3,N3,N3,N3
SC402,SC4021,950,28500.0,N3,N3,N3,N3,N3,N2,N2,N2,N2,N3,N3,Wake,Wake,Wake,Wake,N3,N3,N3,N3
SC402,SC4021,951,28530.0,N3,N3,N3,N3,N3,N2,N2,N2,N2,N3,N3,Wake,Wake,Wake,Wake,N3,N3,N3,N3
SC402,SC4021,952,28560.0,N3,N3,N3,N3,N3,N2,N2,N2,N2,N3,N3,Wake,Wake,Wake,Wake,N3,N3,N3,N3
SC402,SC4021,953,28590.0,N3,N3,N3,N3,N3,N2,N2,N2,N2,N2,N2,Wake,Wake,N3,Wake,N3,N3,N3,N3
SC402,SC4021,954,28620.0,N3,N3,N3,N3,N3,Wake,N2,Wake,N2,Wake,Wake,Wake,Wake,Wake,Wake,N3,N3,N3,N3
SC402,SC4021,955,28650.0,N3,N3,N3,Wake,N3,N2,Wake,N2,Wake,Wake,Wake,Wake,Wake,Wake,Wake,N3,N3,N3,N3
SC402,SC4021,956,28680.0,N3,N3,N3,N3,Wake,Wake,Wake,Wake,Wake,Wake,Wake,Wake,Wake,Wake,Wake,N3,N3,N3,N3
SC402,SC4021,957,28710.0,Wake,Wake,Wake,Wake,Wake,Wake,Wake,Wake,Wake,Wake,Wake,N3,N3,Wake,Wake,N2,N2,N3,N3
SC402,SC4021,958,28740.0,N2,N1,Wake,N1,N1,Wake,Wake,Wake,Wake,Wake,Wake,N2,N2,N2,N2,N2,N2,N2,N2
SC402,SC4021,959,28770.0,N2,Wake,Wake,N2,N2,N1,N1,N1,N1,Wake,Wake,N2,N2,N2,N2,N2,N2,N2,N2
SC402,SC4021,960,28800.0,N2,Wake,Wake,Wake,Wake,REM,REM,N1,N1,REM,REM,N3,N3,N3,N3,N2,N2,N2,N2
SC402,SC4021,961,28830.0,N3,Wake,Wake,Wake,Wake,REM,REM,REM,REM,REM,REM,N3,N3,N3,N3,N3,N2,N3,N2
SC402,SC4021,962,28860.0,N2,Wake,Wake,N2,N2,N2,N2,REM,REM,REM,REM,N3,N3,N2,N3,N2,N3,N2,N3
SC402,SC4021,963,28890.0,N2,Wake,Wake,N2,N2,N2,N2,N2,N2,Wake,Wake,N3,N3,N3,N2,N3,N2,N3,N2
SC402,SC4021,964,28920.0,N2,N2,N2,N2,N2,N2,N2,N2,N2,N1,N1,N2,N2,N2,N2,N2,N2,N2,N2
SC402,SC4021,965,28950.0,N2,N2,N2,N2,N2,N2,N2,N2,N2,N1,N1,N2,N2,N2,N2,N2,N2,N2,N2
SC402,SC4021,966,28980.0,N2,N2,N2,N2,N2,N2,N2,N1,N2,N1,N1,N2,N2,N2,N2,N2,N2,N2,N2
SC402,SC4021,967,29010.0,N2,N2,N2,N2,N2,N2,N2,N2,N2,Wake,N1,N2,N2,N2,N2,N2,N2,N3,N3
SC402,SC4021,968,29040.0,N2,N2,N2,N2,N2,N2,N2,N2,N2,N1,N1,N2,N2,N2,N2,N2,N2,N3,N3
SC402,SC4021,969,29070.0,N2,N2,N2,N2,N2,N2,N2,N2,N2,REM,REM,N2,N2,N2,N2,N2,N2,N3,N3
SC402,SC4021,970,29100.0,N2,N2,N2,N2,N2,N2,N2,N2,N2,REM,REM,N2,N2,N2,N2,N2,N2,N3,N3
SC402,SC4021,971,29130.0,N2,N2,N2,N2,N2,N2,N2,N2,N2,Wake,Wake,N2,N2,N2,N2,N2,N2,N2,N2
SC402,SC4021,972,29160.0,N2,N2,N2,N2,N2,N2,N2,N2,N2,N1,N1,N2,N2,N2,N2,N2,N2,N2,N2
SC402,SC4021,973,29190.0,N2,N2,N2,N2,N2,N2,N2,N2,N2,N1,N1,N2,N2,N2,N2,N2,N2,N3,N2
SC402,SC4021,974,29220.0,N2,N2,N2,N2,N2,N2,N2,N2,N2,N2,N1,N2,N2,N2,N2,N2,N2,N2,N2
SC402,SC4021,975,29250.0,N2,N2,N2,N2,N2,N2,N2,N2,N2,N1,N1,N2,N2,N2,N2,N2,N2,N2,N2
SC402,SC4021,976,29280.0,N2,N2,N2,N2,N2,N3,N2,N2,N2,REM,REM,N2,N2,N3,N2,N2,N2,N3,N3
SC402,SC4021,977,29310.0,N2,N2,N2,N2,N2,N2,N3,N2,N2,N2,N2,N2,N2,N2,N3,N2,N2,N3,N3
SC402,SC4021,978,29340.0,N2,N3,N2,N2,N2,N3,N2,N2,N2,N1,N2,N3,N2,N3,N2,N2,N2,N2,N2
SC402,SC4021,979,29370.0,N2,N2,N2,N2,N2,N2,N2,N2,N2,N2,N2,N2,N2,N2,N2,N2,N2,N2,N2
SC402,SC4021,980,29400.0,N2,N2,N2,N2,N2,N2,N2,N2,N2,N2,N2,N2,N2,N2,N2,N2,N2,N3,N3
SC402,SC4021,981,29430.0,N2,N2,N2,N2,N2,N2,N2,N2,N2,N2,N2,N2,N2,N2,N2,N2,N2,N3,N3
SC402,SC4021,982,29460.0,N2,N2,N2,N2,N2,N2,N2,N2,N2,N1,N1,N2,N2,N2,N2,N2,N2,N2,N2
SC402,SC4021,983,29490.0,N2,N2,N2,N2,N2,N2,N2,N2,N2,N1,N1,N2,N2,N2,N2,N2,N2,N2,N2
SC402,SC4021,984,29520.0,N2,N2,N2,N2,N2,N2,N2,N2,N2,N2,N2,N2,N2,N2,N2,N2,N2,N3,N3
SC402,SC4021,985,29550.0,N2,N3,N3,N2,N2,N2,N2,N2,N2,N2,N2,N2,N2,N2,N2,N2,N2,N3,N3
SC402,SC4021,986,29580.0,N2,N3,N3,N2,N2,N3,N3,N3,N3,N2,N2,N2,N2,N3,N3,N2,N2,N3,N3
SC402,SC4021,987,29610.0,N2,N3,N3,N2,N2,N3,N3,N3,N3,N2,N2,N3,N3,N3,N3,N3,N2,N3,N3
SC402,SC4021,988,29640.0,N2,N2,N2,N2,N2,N2,N2,N2,N2,N2,N2,N3,N3,N3,N3,N2,N2,N2,N3
SC402,SC4021,989,29670.0,N2,N2,N2,N2,N2,N2,N2,N2,N2,N2,N2,N2,N3,N3,N3,N2,N2,N3,N3
SC402,SC4021,990,29700.0,N2,N2,N2,N2,N2,Wake,Wake,Wake,Wake,N2,N2,N3,N3,N3,N3,N2,N2,N3,N3
SC402,SC4021,991,29730.0,N3,N2,N2,Wake,Wake,Wake,Wake,Wake,Wake,N2,N2,N3,N3,N3,N3,N3,N3,N3,N3
SC402,SC4021,992,29760.0,N2,N3,N2,Wake,Wake,Wake,Wake,Wake,Wake,Wake,N2,N3,N3,N3,N3,N3,N3,N3,N3
SC402,SC4021,993,29790.0,N2,N2,N2,N2,N2,Wake,Wake,Wake,Wake,N2,N2,N3,N3,N3,N3,N2,N2,N3,N3
SC402,SC4021,994,29820.0,N2,N2,N2,N2,N2,N2,N2,Wake,Wake,N2,N2,N2,N2,N2,N2,N2,N2,N3,N3
SC402,SC4021,995,29850.0,N2,N2,N2,N2,N2,N2,N2,N2,N2,N2,N2,N2,N2,N2,N2,N2,N2,N3,N3
SC402,SC4021,996,29880.0,N2,N2,N2,N2,N2,N2,N2,N2,N2,N2,N2,N2,N2,N2,N2,N2,N2,N2,N2
SC402,SC4021,997,29910.0,N2,N2,N2,N2,N2,N2,N2,N2,N2,N2,N2,N2,N2,N2,N2,N2,N2,N2,N2
SC402,SC4021,998,29940.0,N2,N2,N2,N2,N2,N2,N2,N2,N2,N2,N2,N2,N2,N2,N2,N2,N2,N2,N2
SC402,SC4021,999,29970.0,N2,N2,N2,N2,N2,N2,N2,N2,N2,N2,N2,N2,N2,N2,N2,N2,N2,N3,N3
SC402,SC4021,1000,30000.0,N2,N3,N2,N2,N2,N3,N2,N3,N2,N2,N2,N2,N2,N2,N2,N2,N2,N3,N3
SC402,SC4021,1001,30030.0,N2,N2,N2,N2,N2,N2,N2,N2,N2,N2,N2,N2,N2,N2,N2,N2,N2,N3,N3
SC402,SC4021,1002,30060.0,N2,N2,N2,N2,N2,N2,N2,N2,N2,N2,N2,N2,N2,N2,N2,N2,N2,N3,N3
SC402,SC4021,1003,30090.0,N3,N3,N3,N2,N2,N2,N2,N2,N2,N2,N2,N2,N2,N2,N2,N2,N2,N3,N3
SC402,SC4021,1004,30120.0,N2,N3,N3,N2,N2,N3,N3,N2,N2,N2,N2,N2,N2,N3,N3,N2,N2,N3,N3
SC402,SC4021,1005,30150.0,N3,N3,N3,N2,N2,N3,N3,N2,N2,N2,N2,N3,N3,N3,N3,N3,N3,N3,N3
SC402,SC4021,1006,30180.0,N3,N3,N3,Wake,Wake,N3,N3,N3,N3,N3,N3,N3,N3,N3,N3,N3,N3,N3,N3
SC402,SC4021,1007,30210.0,N3,N3,N3,Wake,Wake,Wake,Wake,Wake,Wake,N3,N3,Wake,Wake,N3,N3,N3,N3,N3,N3
SC402,SC4021,1008,30240.0,N3,Wake,N3,Wake,Wake,Wake,Wake,Wake,Wake,Wake,Wake,Wake,Wake,Wake,Wake,N3,N3,N3,N3
SC402,SC4021,1009,30270.0,N3,N3,Wake,Wake,Wake,Wake,Wake,Wake,Wake,Wake,Wake,Wake,Wake,Wake,Wake,N3,N3,N3,N3
SC402,SC4021,1010,30300.0,N2,Wake,Wake,Wake,Wake,Wake,Wake,Wake,Wake,Wake,Wake,N3,N3,Wake,Wake,N2,N3,N3,N3
SC402,SC4021,1011,30330.0,N2,N2,N2,N2,Wake,N2,N2,N2,Wake,N2,Wake,N3,N3,N3,N3,N3,N3,N3,N3
SC402,SC4021,1012,30360.0,N3,N2,N2,Wake,N2,N2,N2,Wake,N2,Wake,N2,N3,N3,N3,N3,N3,N3,N3,N3
SC402,SC4021,1013,30390.0,N2,N2,N2,N2,N2,N2,N2,N2,N2,N2,N2,N2,N2,N2,N2,N2,N2,N2,N3
SC402,SC4021,1014,30420.0,N2,N2,N2,N2,N2,N2,N2,N2,N2,N2,N2,N2,N2,N2,N2,N2,N2,N3,N3
SC402,SC4021,1015,30450.0,N2,N2,N2,N2,N2,N2,N2,N2,N2,N2,N2,N2,N2,N3,N2,N2,N2,N3,N3
SC402,SC4021,1016,30480.0,REM,N2,N2,N2,N2,REM,REM,REM,REM,Wake,Wake,N2,N2,N2,N3,N2,N2,N2,N3
SC402,SC4021,1017,30510.0,REM,Wake,N2,Wake,Wake,REM,REM,REM,REM,Wake,Wake,N3,N2,N3,N2,N3,N2,N3,N2
SC402,SC4021,1018,30540.0,REM,N2,N2,REM,REM,N1,REM,Wake,Wake,Wake,Wake,N2,N2,N2,N2,N2,N2,N2,N2
SC402,SC4021,1019,30570.0,REM,REM,REM,REM,REM,REM,N1,Wake,Wake,Wake,Wake,N2,N2,REM,REM,REM,REM,REM,REM
SC402,SC4021,1020,30600.0,N2,REM,REM,REM,REM,N1,N1,N1,N1,N1,N1,N2,N2,REM,REM,REM,REM,REM,REM
SC402,SC4021,1021,30630.0,N2,REM,REM,REM,REM,N1,N1,N1,N1,N1,N1,Wake,Wake,REM,REM,REM,REM,REM,REM
SC402,SC4021,1022,30660.0,REM,REM,REM,REM,REM,N1,N1,N1,N1,Wake,N1,Wake,Wake,REM,REM,Wake,REM,REM,REM
SC402,SC4021,1023,30690.0,REM,REM,REM,REM,REM,REM,REM,N1,N1,N1,N1,N2,N2,N2,REM,REM,REM,REM,REM
SC402,SC4021,1024,30720.0,REM,REM,REM,REM,REM,REM,REM,REM,REM,REM,REM,REM,N2,REM,REM,REM,REM,REM,REM
SC402,SC4021,1025,30750.0,REM,REM,REM,REM,REM,N2,N2,REM,REM,REM,REM,N2,N2,REM,REM,REM,REM,REM,REM
SC402,SC4021,1026,30780.0,REM,REM,REM,REM,REM,N2,N2,REM,REM,REM,REM,N2,N2,REM,REM,REM,REM,REM,REM
SC402,SC4021,1027,30810.0,REM,REM,REM,REM,REM,REM,REM,REM,REM,Wake,Wake,Wake,Wake,N1,REM,N1,N1,REM,REM
SC402,SC4021,1028,30840.0,REM,REM,REM,REM,REM,REM,REM,REM,REM,N1,Wake,Wake,Wake,REM,REM,Wake,Wake,REM,REM
SC402,SC4021,1029,30870.0,REM,REM,REM,REM,REM,REM,REM,REM,REM,Wake,Wake,Wake,Wake,Wake,REM,Wake,Wake,REM,REM
SC402,SC4021,1030,30900.0,REM,REM,REM,REM,REM,Wake,Wake,REM,REM,REM,Wake,N2,N2,REM,REM,N1,N1,REM,REM
SC402,SC4021,1031,30930.0,REM,REM,REM,REM,REM,N1,N1,REM,REM,Wake,REM,REM,REM,REM,REM,REM,REM,REM,REM
SC402,SC4021,1032,30960.0,REM,REM,REM,REM,REM,N1,N1,REM,REM,REM,REM,Wake,Wake,REM,REM,REM,REM,REM,REM
SC402,SC4021,1033,30990.0,REM,REM,REM,Wake,Wake,Wake,N1,Wake,Wake,N1,N1,Wake,Wake,N1,N1,Wake,Wake,REM,REM
SC402,SC4021,1034,31020.0,REM,REM,REM,Wake,Wake,N1,N1,N1,N1,N1,N1,Wake,Wake,Wake,N1,Wake,Wake,REM,REM
SC402,SC4021,1035,31050.0,REM,N1,N1,N1,N1,N2,N2,N2,N2,N1,N1,Wake,Wake,N1,Wake,Wake,Wake,REM,REM
SC402,SC4021,1036,31080.0,REM,Wake,Wake,N1,N1,N2,N2,Wake,N2,N1,N1,Wake,Wake,Wake,N1,Wake,Wake,REM,REM
SC402,SC4021,1037,31110.0,REM,REM,REM,REM,REM,N2,N2,N2,N2,REM,REM,N1,Wake,N1,N1,N1,N1,REM,REM
SC402,SC4021,1038,31140.0,REM,REM,REM,REM,REM,N2,N2,N2,N2,REM,REM,Wake,Wake,REM,REM,REM,REM,REM,REM
SC402,SC4021,1039,31170.0,REM,REM,REM,REM,REM,N2,N2,N2,N2,REM,REM,Wake,Wake,REM,REM,Wake,Wake,REM,REM
SC402,SC4021,1040,31200.0,REM,REM,REM,REM,REM,N2,N2,N2,N2,REM,REM,Wake,Wake,N1,N1,N1,Wake,REM,REM
SC402,SC4021,1041,31230.0,N1,REM,REM,REM,REM,N2,N2,N2,N2,Wake,Wake,Wake,Wake,Wake,Wake,Wake,Wake,REM,REM
SC402,SC4021,1042,31260.0,N2,N2,N2,N1,N1,N2,N2,N2,N2,N1,N1,N2,N2,N2,N2,N2,N2,N2,N2
SC402,SC4021,1043,31290.0,N2,N2,N2,N1,N1,N2,N2,N2,N2,N2,N2,N2,N2,N2,N2,N1,N1,N2,N2
SC402,SC4021,1044,31320.0,REM,REM,REM,REM,REM,N2,N2,N2,N2,REM,N2,N2,N2,N2,N2,N1,N1,REM,N2
SC402,SC4021,1045,31350.0,REM,REM,REM,REM,REM,N2,N2,N2,N2,N2,REM,N2,N2,N2,N2,REM,N1,N2,REM
SC402,SC4021,1046,31380.0,REM,REM,REM,REM,REM,N2,N2,N2,N2,REM,N2,N2,N2,REM,N2,N1,REM,REM,REM
SC402,SC4021,1047,31410.0,REM,REM,REM,REM,REM,Wake,N2,N3,N2,N2,REM,N2,N2,N2,REM,REM,REM,REM,REM
SC402,SC4021,1048,31440.0,REM,REM,REM,REM,REM,N2,N2,N2,N2,REM,N2,N2,N2,REM,REM,REM,REM,REM,REM
SC402,SC4021,1049,31470.0,REM,REM,REM,REM,REM,N2,N2,N2,N2,N2,N2,N2,N2,REM,REM,REM,REM,N2,N2
SC402,SC4021,1050,31500.0,REM,N2,N2,N2,N2,N2,N2,N2,N2,N2,N2,N2,N2,N2,N2,N2,N2,N2,N2
SC402,SC4021,1051,31530.0,Wake,N1,N2,N1,N2,Wake,N2,N2,N2,N2,N2,N2,N2,N2,N2,N2,N2,Wake,N2
SC402,SC4021,1052,31560.0,N1,N2,N2,N2,N2,N2,N2,N2,N2,N2,N2,N2,N2,N2,N2,N2,N2,N2,N2
SC402,SC4021,1053,31590.0,N2,N2,N2,N2,N2,N2,N2,N2,N2,N2,N2,N2,N2,N2,N2,N2,N2,N2,N2
SC402,SC4021,1054,31620.0,N2,N2,N2,N2,N2,N2,N2,N2,N2,N2,N2,N2,N2,N2,N2,N2,N2,N2,N2
SC402,SC4021,1055,31650.0,N2,N2,N2,N2,N2,N2,N2,N2,N2,N2,N2,N2,N2,N2,N2,N2,N2,N2,N2
SC402,SC4021,1056,31680.0,N1,N2,N2,N2,N2,Wake,N2,Wake,N2,N2,N2,N2,N2,N2,N2,N2,N2,N2,N2
SC402,SC4021,1057,31710.0,N1,N2,N2,N2,N2,N2,N2,N2,N2,N2,N2,N2,N2,N2,N2,N2,N2,N2,N2
SC402,SC4021,1058,31740.0,N2,N2,N2,N2,N2,N2,N2,N2,N2,N2,N2,N2,N2,N2,N2,N2,N2,N2,N2
SC402,SC4021,1059,31770.0,N2,N2,N2,N2,N2,N2,N2,N2,N2,N2,N2,N2,N2,N2,N2,N2,N2,N2,N2
SC402,SC4021,1060,31800.0,N2,N2,N2,N2,N2,N2,N2,N2,N2,N2,N2,N2,N2,N2,N2,N2,N2,N2,N2
SC402,SC4021,1061,31830.0,N2,N2,N2,N2,N2,N2,N2,N2,N2,N2,N2,N2,N2,N2,N2,N2,N2,N2,N2
SC402,SC4021,1062,31860.0,N2,N2,N2,N2,N2,N2,N2,Wake,N2,N2,N2,N2,N2,N2,N2,N2,N2,N2,N2
SC402,SC4021,1063,31890.0,N2,N2,N2,N2,N2,N2,N2,N2,N2,N2,N2,N2,N2,N2,N2,N2,N2,N2,N2
SC402,SC4021,1064,31920.0,N2,N2,N2,N2,N2,N2,N2,N2,N2,N2,N2,N2,N2,N2,N2,N2,N2,N2,N2
SC402,SC4021,1065,31950.0,N2,N2,N2,N2,N2,N2,N2,N2,N2,N2,N2,N2,N2,N2,N2,N2,N2,N2,N2
SC402,SC4021,1066,31980.0,N2,N2,N2,N2,N2,N2,N2,N2,N2,N2,N2,N2,N2,N2,N2,N2,N2,N2,N2
SC402,SC4021,1067,32010.0,N2,N2,N2,N2,N2,N2,N2,N2,N2,N2,N2,N2,N2,N2,N2,N2,N2,N2,N2
SC402,SC4021,1068,32040.0,N2,N2,N2,N2,N2,N2,N2,N2,N2,N2,N2,N2,N2,N2,N2,N2,N2,N2,N2
SC402,SC4021,1069,32070.0,N1,N2,N2,N2,N2,Wake,Wake,N2,N2,N2,N2,N2,N2,N2,N2,N2,N2,N2,N2
SC402,SC4021,1070,32100.0,N1,N2,N2,N2,N2,N1,N1,N1,N2,N2,N2,N2,N2,N2,N2,N2,N2,N2,N2
SC402,SC4021,1071,32130.0,N2,N2,N2,N2,N2,N2,N2,N2,N2,N2,N2,N2,N2,N2,N2,N2,N2,N2,N2
SC402,SC4021,1072,32160.0,N2,N2,N2,N2,N2,N2,N2,N2,N2,N2,N2,N2,N2,N2,N2,N2,N2,N2,N2
SC402,SC4021,1073,32190.0,N2,N2,N2,N2,N2,N2,N2,N2,N2,N2,N2,N2,N2,N2,N2,N2,N2,N2,N2
SC402,SC4021,1074,32220.0,N2,N2,N2,N2,N2,N2,N2,N2,N2,N2,N2,N2,N2,N2,N2,N2,N2,N2,N2
SC402,SC4021,1075,32250.0,N2,N2,N2,N2,N2,Wake,Wake,N2,N2,N2,N2,N2,N2,N2,N2,N2,N2,N2,N2
SC402,SC4021,1076,32280.0,N2,N2,N2,N2,N2,Wake,Wake,N2,N2,N3,N2,N2,N2,N2,N2,N2,N2,N2,N2
SC402,SC4021,1077,32310.0,N2,N2,N2,N2,N2,N2,N2,N2,N2,N2,N2,N2,N2,N2,N2,N2,N2,N2,N2
SC402,SC4021,1078,32340.0,N2,N2,N2,N2,N2,N2,N2,N2,N2,N2,N2,N2,N2,N2,N2,N2,N2,N2,N2
SC402,SC4021,1079,32370.0,N2,N2,N2,N2,N2,N2,N2,N2,N2,N2,N2,N2,N2,N2,N2,N2,N2,N2,N2
SC402,SC4021,1080,32400.0,N2,N2,N2,N2,N2,N2,N2,N2,N2,N2,N2,N2,N2,N2,N2,N2,N2,N2,N2
SC402,SC4021,1081,32430.0,N2,N2,N2,N2,N2,N2,N2,N2,N2,N2,N2,N2,N2,N2,N2,N2,N2,N2,N2
SC402,SC4021,1082,32460.0,N2,N2,N2,N2,N2,N2,N2,N2,N2,N2,N2,N2,N2,N2,N2,N2,N2,N2,N2
SC402,SC4021,1083,32490.0,N2,N2,N2,N2,N2,N2,N2,N2,N2,N2,N2,N2,N2,N2,N2,N2,N2,N2,N2
SC402,SC4021,1084,32520.0,N2,N2,N2,N2,N2,N2,N2,N3,N2,N2,N2,N2,N2,N2,N2,N2,N2,N2,N2
SC402,SC4021,1085,32550.0,N2,N2,N2,N2,N2,N2,N2,N2,N2,N2,N2,N2,N2,N2,N2,N2,N2,N2,N2
SC402,SC4021,1086,32580.0,N2,N2,N2,N2,N2,N2,N2,N2,N2,N2,N2,N2,N2,N2,N2,N2,N2,N2,N2
SC402,SC4021,1087,32610.0,N2,N2,N2,N2,N2,N2,N2,N2,N2,N2,N2,N2,N2,N2,N2,N2,N2,N2,N2
SC402,SC4021,1088,32640.0,N3,N2,N2,N2,N2,Wake,Wake,Wake,Wake,N3,N3,N2,N2,N2,N2,N2,N2,N3,N2
SC402,SC4021,1089,32670.0,N2,N2,N2,Wake,N2,Wake,Wake,Wake,Wake,Wake,Wake,N2,N2,N2,N2,N2,N2,N2,N2
SC402,SC4021,1090,32700.0,N2,N2,N2,N2,N2,Wake,Wake,Wake,Wake,Wake,Wake,N2,N2,N2,N2,N2,N2,N2,N2
SC402,SC4021,1091,32730.0,N2,N2,N2,N2,N2,Wake,Wake,Wake,Wake,N2,N2,N2,N2,N2,N2,N2,N2,N2,N2
SC402,SC4021,1092,32760.0,N2,N2,N2,N2,N2,Wake,Wake,Wake,Wake,N3,N2,N2,N2,N2,N2,N2,N2,N2,N2
SC402,SC4021,1093,32790.0,N2,N2,N2,N2,N2,N2,N2,Wake,Wake,N2,N2,N2,N2,N2,N2,N2,N2,N2,N2
SC402,SC4021,1094,32820.0,N2,N2,N2,N2,N2,N1,N1,Wake,Wake,Wake,N2,N2,N2,N2,N2,N2,N2,N2,N2
SC402,SC4021,1095,32850.0,N2,N2,N2,N2,N2,N1,N1,N2,N2,N2,N2,N2,N2,N2,N2,N2,N2,N2,N2
SC402,SC4021,1096,32880.0,N2,N2,N2,N2,N2,N2,N2,N2,N2,N2,N2,N2,N2,N2,N2,N2,N2,N2,N2
SC402,SC4021,1097,32910.0,N2,N2,N2,N2,N2,N2,N2,N2,N2,N2,N2,N2,N2,N2,N2,N2,N2,N2,N2
SC402,SC4021,1098,32940.0,N2,N2,N2,N2,N2,N2,N2,N2,N2,N2,N2,N2,N2,N2,N2,N2,N2,N2,N2
SC402,SC4021,1099,32970.0,N2,N2,N2,N2,N2,N2,N2,N2,N2,N2,N2,N2,N2,N2,N2,N2,N2,N2,N2
SC402,SC4021,1100,33000.0,N2,N2,N2,N2,N2,N2,N2,N2,N2,N2,N2,N2,N2,N2,N2,N2,N2,N2,N2
SC402,SC4021,1101,33030.0,N2,N2,N2,N2,N2,Wake,N2,N2,N2,N3,N3,N2,N2,N2,N2,N2,N2,N2,N2
SC402,SC4021,1102,33060.0,N2,N2,N2,N2,N2,N2,N2,N2,N2,N3,N3,N2,N2,N2,N2,N2,N2,N2,N2
SC402,SC4021,1103,33090.0,N2,N2,N2,N2,N2,N3,N3,N2,N2,N3,N3,N2,N2,N2,N2,N2,N2,N3,N3
SC402,SC4021,1104,33120.0,N2,N3,N2,N2,N2,N3,N3,N3,N2,N3,N3,N2,N2,N2,N2,N2,N2,N3,N3
SC402,SC4021,1105,33150.0,N2,N2,N2,N2,N2,N3,N3,N2,N2,N3,N3,N2,N2,N2,N2,N2,N2,N2,N2
SC402,SC4021,1106,33180.0,N2,N2,N2,N2,N2,N2,N2,N2,N2,N3,N3,N2,N2,N2,N2,N2,N2,N2,N2
SC402,SC4021,1107,33210.0,N2,N2,N2,N2,N2,N2,N2,N2,N2,N3,N3,N2,N2,N2,N2,N2,N2,N3,N3
SC402,SC4021,1108,33240.0,N3,N3,N3,N2,N2,Wake,Wake,Wake,Wake,Wake,Wake,N2,N2,N3,N3,N3,N3,N3,N3
SC402,SC4021,1109,33270.0,N3,N3,N3,Wake,N2,Wake,Wake,Wake,Wake,Wake,Wake,N3,N2,N3,N3,N3,N3,N3,N3
SC402,SC4021,1110,33300.0,N2,N2,N2,N2,N2,Wake,Wake,N1,N1,Wake,Wake,N2,N2,N2,N2,N2,N2,N3,N3
SC402,SC4021,1111,33330.0,N2,N2,N2,N2,N2,N2,N2,N2,N2,N3,N3,N2,N2,N2,N2,N2,N2,N2,N2
SC402,SC4021,1112,33360.0,N3,N2,N2,N2,N2,N2,N2,N2,N2,N3,N3,N2,N2,N2,N2,N2,N2,N2,N2
SC402,SC4021,1113,33390.0,N3,N2,N2,N2,N2,N2,N2,N2,N2,N3,N3,N2,N2,N2,N2,N2,N2,N2,N2
SC402,SC4021,1114,33420.0,N2,N3,N3,N2,N2,N2,N2,N3,N3,N3,N3,N2,N2,N2,N2,N2,N2,N3,N3
SC402,SC4021,1115,33450.0,N2,N3,N3,Wake,N2,N3,N2,N3,N3,N3,N3,N3,N2,N3,N2,N3,N2,N3,N3
SC402,SC4021,1116,33480.0,N2,N3,N3,N2,N2,N2,N2,N3,N3,Wake,N3,N2,N2,N2,N2,N2,N2,N3,N3
SC402,SC4021,1117,33510.0,N3,N2,N2,N2,N2,N2,N2,N2,N2,N3,N3,N2,N2,N2,N2,N2,N2,N2,N2
SC402,SC4021,1118,33540.0,N2,N2,N2,N2,N2,N2,N2,N2,N2,N3,N3,N2,N2,N2,N2,N2,N2,N2,N2
SC402,SC4021,1119,33570.0,N2,N2,N2,N2,N2,N2,N2,N2,N2,N3,N3,N2,N2,N2,N2,N2,N2,N3,N3
SC402,SC4021,1120,33600.0,N3,N3,N3,N2,N2,N2,N2,N3,N3,N3,N3,N2,N2,N3,N3,N2,N2,N3,N3
SC402,SC4021,1121,33630.0,N3,N3,N3,Wake,Wake,Wake,Wake,N3,N3,Wake,Wake,Wake,Wake,N3,N3,N3,N3,N3,N3
SC402,SC4021,1122,33660.0,N3,N3,N3,Wake,Wake,Wake,Wake,Wake,Wake,Wake,Wake,Wake,Wake,Wake,Wake,N3,N3,N3,N3
SC402,SC4021,1123,33690.0,N2,Wake,Wake,Wake,Wake,Wake,Wake,Wake,Wake,Wake,Wake,Wake,Wake,Wake,Wake,N3,N3,N3,N3
SC402,SC4021,1124,33720.0,N2,N2,N2,N2,N2,Wake,Wake,N2,N2,N2,N2,N2,N2,N3,N3,N2,N2,N3,N3
SC402,SC4021,1125,33750.0,N3,N3,N3,N2,N2,N2,Wake,N2,N2,N3,N3,N2,N2,N2,N3,N2,N2,N2,N3
SC402,SC4021,1126,33780.0,N2,Wake,Wake,Wake,Wake,Wake,Wake,Wake,Wake,Wake,Wake,N3,N2,N3,N3,N2,N2,N3,N2
SC402,SC4021,1127,33810.0,N2,Wake,Wake,Wake,Wake,Wake,Wake,Wake,Wake,Wake,Wake,N2,N3,N3,N3,N2,N2,N2,N2
SC402,SC4021,1128,33840.0,N2,Wake,Wake,Wake,Wake,N1,N1,Wake,Wake,Wake,Wake,N3,N2,Wake,N3,N3,N2,N2,N2
SC402,SC4021,1129,33870.0,N2,N3,N3,N2,N2,N2,N2,N1,N1,Wake,Wake,N2,N2,N3,N3,N2,N2,N2,N2
SC402,SC4021,1130,33900.0,N2,N2,N2,N2,N2,REM,N2,REM,N1,N2,N2,N2,N2,N2,N2,N2,N2,N2,N2
SC402,SC4021,1131,33930.0,N2,N2,N2,N2,N2,N2,N2,N1,N1,N2,N2,N2,N2,N2,N2,N2,N2,N2,N2
SC402,SC4021,1132,33960.0,N2,N2,N2,N2,N2,N2,N2,N1,N1,N2,N2,N2,N2,N2,N2,N2,N2,N2,N2
SC402,SC4021,1133,33990.0,N2,N2,N2,N2,N2,N2,N2,N1,N1,N2,N2,N2,N2,N2,N2,N2,N2,N2,N2
SC402,SC4021,1134,34020.0,N2,N2,N2,N2,N2,N2,N2,N1,N1,N1,N2,N2,N2,N2,N2,N2,N2,N2,N2
SC402,SC4021,1135,34050.0,N2,N2,N2,N2,N2,N2,N2,N1,N1,N2,N2,N2,N2,N2,N2,N2,N2,N2,N2
SC402,SC4021,1136,34080.0,N2,N2,N2,N2,N2,N2,N2,N2,N2,N2,N2,N2,N2,N2,N2,N2,N2,N2,N2
SC402,SC4021,1137,34110.0,N2,N2,N2,N2,N2,N2,N2,N2,N2,N2,N2,N2,N2,N2,N2,N2,N2,N3,N3
SC402,SC4021,1138,34140.0,N3,N3,N2,N2,N2,N3,N3,N2,N2,Wake,Wake,N2,N2,N3,N3,N2,N2,N3,N3
SC402,SC4021,1139,34170.0,N3,N2,N2,Wake,N2,Wake,Wake,Wake,N2,Wake,Wake,N3,N2,N3,N3,N3,N2,N3,N3
SC402,SC4021,1140,34200.0,N2,N2,N2,N2,N2,Wake,Wake,N2,N2,Wake,Wake,N2,N2,N2,N2,N2,N2,N2,N2
SC402,SC4021,1141,34230.0,N2,N2,N2,N2,N2,N2,N2,N2,N2,N2,N2,N2,N2,N2,N2,N2,N2,N2,N2
SC402,SC4021,1142,34260.0,N2,N2,N2,N2,N2,N2,N2,N2,N2,N2,N2,N2,N2,N2,N2,N2,N2,N3,N2
SC402,SC4021,1143,34290.0,N2,N2,N2,N2,N2,N2,N2,N2,N2,N2,N2,N2,N2,N2,N2,N2,N2,N2,N2
SC402,SC4021,1144,34320.0,N2,N2,N2,N2,N2,N2,N2,N2,N2,N2,N2,N2,N2,N2,N2,N2,N2,N2,N2
SC402,SC4021,1145,34350.0,N2,N2,N2,N2,N2,Wake,Wake,N2,N2,Wake,Wake,N2,N2,N2,N2,N2,N2,N2,N2
SC402,SC4021,1146,34380.0,N2,Wake,Wake,Wake,N2,Wake,Wake,Wake,Wake,Wake,Wake,N2,N2,N2,N2,N2,N2,N2,N2
SC402,SC4021,1147,34410.0,N2,Wake,Wake,N2,N2,N2,N2,Wake,Wake,Wake,Wake,N2,N2,N2,N2,N2,N2,N2,N2
SC402,SC4021,1148,34440.0,N2,N2,N2,N2,N2,N2,N2,N2,N2,REM,REM,N2,N2,N2,N2,N2,N2,N2,N2
SC402,SC4021,1149,34470.0,N2,N2,N2,N2,N2,N2,N2,N2,N2,N2,N2,N2,N2,N2,N2,N2,N2,N2,N2
SC402,SC4021,1150,34500.0,N2,N2,N2,N2,N2,N2,N2,N2,N2,N2,N2,N2,N2,N2,N2,N2,N2,N2,N2
SC402,SC4021,1151,34530.0,N2,N2,N2,N2,N2,REM,N2,REM,N2,REM,REM,N2,N2,N2,N2,N2,N2,N2,N2
SC402,SC4021,1152,34560.0,N2,N2,N2,N2,N2,N2,N2,N2,N2,REM,REM,N2,N2,N2,N2,N2,N2,N2,N2
SC402,SC4021,1153,34590.0,N2,N2,N2,N2,N2,N2,N2,N2,N2,N1,N1,N2,N2,N2,N2,N2,N2,N2,N2
SC402,SC4021,1154,34620.0,N2,N2,N2,N2,N2,N2,N2,N2,N2,N2,N2,N2,N2,N2,N2,N2,N2,N2,N2
SC402,SC4021,1155,34650.0,N2,N2,N2,N2,N2,N2,N2,N2,N2,REM,N2,N2,N2,N2,N2,N2,N2,N2,N2
SC402,SC4021,1156,34680.0,N2,N2,N2,N2,N2,N2,N2,N2,N2,N2,N2,N2,N2,N2,N2,N2,N2,N2,N2
SC402,SC4021,1157,34710.0,N3,N2,N2,N2,N2,Wake,Wake,Wake,Wake,Wake,Wake,N2,N2,N2,N2,N2,N2,N3,N2
SC402,SC4021,1158,34740.0,N2,N2,N2,N2,N2,Wake,Wake,N1,Wake,Wake,Wake,N2,N2,N2,N2,N2,N2,N2,N2
SC402,SC4021,1159,34770.0,N2,N2,N2,N2,N2,Wake,Wake,Wake,Wake,Wake,Wake,N2,N2,N2,N2,N2,N2,N2,N2
SC402,SC4021,1160,34800.0,N2,N2,N2,N2,N2,Wake,Wake,Wake,Wake,Wake,Wake,N2,N2,N2,N2,N2,N2,N2,N2
SC402,SC4021,1161,34830.0,REM,N2,N2,REM,REM,N1,N1,Wake,Wake,Wake,Wake,N2,N2,N2,N2,N2,N2,N2,N2
SC402,SC4021,1162,34860.0,N2,REM,REM,REM,REM,REM,REM,REM,REM,Wake,Wake,N2,N2,N2,N2,N1,N1,REM,REM
SC402,SC4021,1163,34890.0,N2,REM,REM,REM,REM,REM,REM,REM,REM,REM,REM,N2,N2,N2,N2,REM,REM,REM,REM
SC402,SC4021,1164,34920.0,REM,REM,REM,REM,REM,REM,REM,REM,REM,REM,REM,N2,N2,N2,N2,REM,REM,REM,REM
SC402,SC4021,1165,34950.0,REM,REM,REM,REM,REM,REM,REM,REM,REM,REM,REM,N2,N2,REM,REM,REM,REM,REM,REM
SC402,SC4021,1166,34980.0,REM,REM,REM,REM,REM,REM,REM,REM,REM,REM,REM,N2,N2,REM,REM,REM,REM,REM,REM
SC402,SC4021,1167,35010.0,N2,REM,REM,REM,REM,N1,REM,REM,REM,REM,REM,N2,N2,REM,REM,N1,REM,REM,REM
SC402,SC4021,1168,35040.0,REM,REM,REM,REM,REM,REM,REM,REM,REM,REM,REM,N2,N2,REM,REM,REM,N1,REM,REM
SC402,SC4021,1169,35070.0,REM,REM,REM,REM,REM,REM,REM,REM,REM,REM,REM,N1,N1,REM,REM,N1,N1,REM,REM
SC402,SC4021,1170,35100.0,REM,REM,REM,REM,REM,REM,REM,REM,REM,N1,N1,Wake,Wake,REM,REM,Wake,Wake,REM,REM
SC402,SC4021,1171,35130.0,REM,REM,REM,REM,REM,REM,REM,N1,N1,Wake,N1,Wake,Wake,Wake,Wake,Wake,Wake,REM,REM
SC402,SC4021,1172,35160.0,REM,REM,REM,N1,REM,N1,N1,N1,N1,N1,N1,Wake,Wake,N1,N1,N1,N1,REM,REM
SC402,SC4021,1173,35190.0,REM,REM,REM,REM,REM,N2,N2,N1,N1,N1,N1,REM,REM,REM,REM,N1,N1,REM,REM
SC402,SC4021,1174,35220.0,REM,REM,REM,REM,REM,N2,N2,REM,REM,REM,N1,N1,N1,REM,REM,REM,REM,REM,REM
SC402,SC4021,1175,35250.0,REM,REM,REM,REM,REM,N1,N1,REM,REM,N1,N1,N1,N1,REM,REM,REM,REM,REM,REM
SC402,SC4021,1176,35280.0,REM,Wake,Wake,Wake,Wake,Wake,Wake,Wake,Wake,Wake,Wake,Wake,Wake,Wake,Wake,Wake,Wake,REM,REM
SC402,SC4021,1177,35310.0,N1,Wake,Wake,Wake,Wake,Wake,Wake,Wake,Wake,Wake,Wake,Wake,Wake,Wake,Wake,Wake,Wake,REM,REM
SC402,SC4021,1178,35340.0,N1,N1,N1,N1,N1,N2,N2,N1,N1,N1,N1,Wake,Wake,N1,N1,N1,N1,REM,REM
SC402,SC4021,1179,35370.0,N2,N2,N2,N2,N2,N2,N2,N2,N2,N2,N2,N2,N2,N2,N2,N2,N2,N2,N2
SC402,SC4021,1180,35400.0,N2,N2,N2,N2,N2,Wake,Wake,Wake,Wake,N2,N2,N2,N2,N2,N2,N2,N2,N2,N2
SC402,SC4021,1181,35430.0,N2,N2,N2,N2,N2,Wake,Wake,Wake,Wake,N2,N2,N2,N2,N2,N2,N2,N2,N2,N2
SC402,SC4021,1182,35460.0,N2,N2,N2,N2,N2,N2,N2,N2,N2,N2,N2,N2,N2,N2,N2,N2,N2,N2,N2
SC402,SC4021,1183,35490.0,N2,N2,N2,N2,N2,N2,N2,N2,N2,N2,N2,N2,N2,N2,N2,N2,N2,N2,N2
SC402,SC4021,1184,35520.0,N2,N2,N2,N2,N2,N2,N2,N2,N2,N2,N2,N2,N2,N2,N2,N2,N2,N2,N2
SC402,SC4021,1185,35550.0,N2,N2,N2,N2,N2,N3,N2,N2,N2,N2,N2,N2,N2,N2,N2,N2,N2,N2,N2
SC402,SC4021,1186,35580.0,N2,N2,N2,N2,N2,N2,N2,N2,N2,N2,N2,N2,N2,N2,N2,N2,N2,N2,N2
SC402,SC4021,1187,35610.0,N2,N2,N2,N2,N2,N2,N2,N2,N2,N2,N2,N2,N2,N2,N2,N2,N2,N2,N2
SC402,SC4021,1188,35640.0,N2,N2,N2,N2,N2,N2,N2,N2,N2,N2,N2,N2,N2,N2,N2,N2,N2,N2,N2
SC402,SC4021,1189,35670.0,N2,N2,N2,N2,N2,N2,N2,N2,N2,N2,N2,N2,N2,N2,N2,N2,N2,N2,N2
SC402,SC4021,1190,35700.0,N2,N2,N2,N2,N2,Wake,Wake,N2,N2,N2,N2,N2,N2,N2,N2,N2,N2,N2,N2
SC402,SC4021,1191,35730.0,N2,N2,N2,N2,N2,N1,Wake,N2,N2,N2,N2,N2,N2,N2,N2,N2,N2,N2,N2
SC402,SC4021,1192,35760.0,N2,N2,N2,REM,N2,Wake,Wake,N2,N2,Wake,N2,N2,N2,N2,N2,N2,N2,N2,N2
SC402,SC4021,1193,35790.0,N2,N2,N2,N2,N2,N2,N2,N2,N2,N2,N2,N2,N2,N2,N2,N2,N2,N2,N2
SC402,SC4021,1194,35820.0,N2,N2,N2,N2,N2,N2,N2,N2,N2,N2,N2,N2,N2,N2,N2,N2,N2,N2,N2
SC402,SC4021,1195,35850.0,N2,N2,N2,N2,N2,N2,N2,N2,N2,N2,N2,N2,N2,N2,N2,N2,N2,N2,N2
SC402,SC4021,1196,35880.0,N2,N2,N2,N2,N2,N2,N2,N2,N2,N2,N2,N2,N2,N2,N2,N2,N2,N2,N2
SC402,SC4021,1197,35910.0,N2,N2,N2,N2,N2,N2,N2,N2,N2,N2,N2,N2,N2,N2,N2,N2,N2,N2,N2
SC402,SC4021,1198,35940.0,N2,N2,N2,N2,N2,N2,N2,N2,N2,N2,N2,N2,N2,N2,N2,N2,N2,N2,N2
SC402,SC4021,1199,35970.0,N2,N2,N2,N2,N2,N2,N2,N2,N2,N2,N2,N2,N2,N2,N2,N2,N2,N2,N2
SC402,SC4021,1200,36000.0,N2,N2,N2,N2,N2,N2,N2,N2,N2,N2,N2,N2,N2,N2,N2,N2,N2,N2,N2
SC402,SC4021,1201,36030.0,N2,REM,N2,REM,N2,N1,N1,N1,N1,REM,N2,N1,N2,N2,N2,REM,N2,N2,N2
SC402,SC4021,1202,36060.0,N2,N2,N2,N2,REM,REM,REM,REM,REM,N2,N2,N2,N2,N2,N2,N2,N2,N2,N2
SC402,SC4021,1203,36090.0,REM,N2,N2,REM,REM,REM,REM,REM,REM,N2,N2,N2,N2,N2,N2,N2,N2,N2,N2
SC402,SC4021,1204,36120.0,REM,REM,REM,REM,REM,REM,REM,REM,REM,REM,REM,N2,N2,N1,N1,REM,REM,REM,REM
SC402,SC4021,1205,36150.0,REM,REM,REM,REM,REM,N1,REM,N1,REM,REM,REM,N2,N2,REM,REM,REM,REM,REM,REM
SC402,SC4021,1206,36180.0,REM,REM,REM,REM,REM,REM,REM,REM,REM,REM,REM,N2,N2,N2,N2,N1,REM,REM,REM
SC402,SC4021,1207,36210.0,REM,REM,REM,REM,REM,N2,N2,N2,REM,N2,REM,N2,N2,N2,N2,REM,REM,REM,REM
SC402,SC4021,1208,36240.0,REM,REM,REM,REM,REM,Wake,Wake,REM,REM,REM,REM,N2,N2,N2,N2,REM,REM,REM,REM
SC402,SC4021,1209,36270.0,REM,REM,REM,REM,REM,Wake,Wake,REM,REM,REM,REM,N2,N2,N2,N2,REM,REM,REM,REM
SC402,SC4021,1210,36300.0,REM,REM,REM,REM,REM,Wake,Wake,REM,REM,REM,REM,REM,REM,REM,REM,REM,REM,REM,REM
SC402,SC4021,1211,36330.0,REM,REM,REM,REM,REM,N2,N2,REM,REM,REM,REM,Wake,Wake,REM,REM,REM,REM,REM,REM
SC402,SC4021,1212,36360.0,REM,REM,REM,REM,REM,N1,N1,N1,REM,REM,REM,Wake,Wake,N1,REM,N1,REM,REM,REM
SC402,SC4021,1213,36390.0,REM,REM,REM,REM,REM,N1,N1,REM,N1,REM,REM,N1,N1,REM,REM,REM,REM,REM,REM
SC402,SC4021,1214,36420.0,REM,REM,REM,REM,REM,Wake,Wake,N1,N1,REM,REM,N1,N1,REM,REM,REM,REM,REM,REM
SC402,SC4021,1215,36450.0,REM,REM,REM,REM,REM,Wake,Wake,N1,N1,N1,N1,Wake,Wake,Wake,Wake,Wake,Wake,REM,REM
SC402,SC4021,1216,36480.0,REM,REM,REM,N1,REM,N1,N1,N1,N1,N1,N1,Wake,Wake,Wake,Wake,Wake,Wake,REM,REM
SC402,SC4021,1217,36510.0,REM,REM,REM,REM,REM,REM,REM,REM,REM,REM,REM,N2,Wake,REM,REM,REM,REM,REM,REM
SC402,SC4021,1218,36540.0,REM,REM,REM,REM,REM,REM,REM,REM,REM,REM,REM,Wake,Wake,REM,REM,REM,REM,REM,REM
SC402,SC4021,1219,36570.0,REM,REM,REM,REM,REM,N2,N2,REM,REM,REM,REM,Wake,Wake,REM,REM,REM,REM,REM,REM
SC402,SC4021,1220,36600.0,REM,REM,REM,REM,REM,Wake,Wake,Wake,Wake,REM,REM,N1,Wake,REM,REM,REM,REM,REM,REM
SC402,SC4021,1221,36630.0,N1,Wake,Wake,Wake,Wake,Wake,Wake,Wake,Wake,Wake,Wake,Wake,Wake,Wake,Wake,N1,N1,Wake,Wake
SC402,SC4021,1222,36660.0,N1,N1,N1,Wake,Wake,Wake,Wake,Wake,Wake,Wake,Wake,Wake,Wake,Wake,Wake,N1,N1,N1,N1
SC402,SC4021,1223,36690.0,N1,N1,N1,N1,N1,N1,Wake,N1,Wake,N1,Wake,Wake,Wake,Wake,Wake,Wake,N1,N1,N1
SC402,SC4021,1224,36720.0,N1,N1,N1,N1,N1,Wake,Wake,Wake,Wake,Wake,Wake,N1,Wake,N1,Wake,N1,Wake,N1,N1
SC402,SC4021,1225,36750.0,N1,Wake,N1,Wake,N1,Wake,Wake,Wake,Wake,Wake,Wake,Wake,N1,Wake,Wake,Wake,Wake,Wake,N1
SC402,SC4021,1226,36780.0,N1,N1,N1,N1,N1,N2,N2,N2,N2,Wake,Wake,N1,Wake,Wake,Wake,Wake,Wake,N1,N1
SC402,SC4021,1227,36810.0,N1,N1,N1,N1,N1,N2,N2,N2,N2,N1,Wake,Wake,Wake,N1,N1,N1,N1,N1,N1
SC402,SC4021,1228,36840.0,N1,N1,N1,N1,N1,N2,N2,N2,N2,Wake,Wake,N2,N2,N2,N2,N2,N2,N2,N2
SC402,SC4021,1229,36870.0,N2,N2,N2,N2,N2,N2,N2,N2,N2,N2,N2,N2,N2,N2,N2,N2,N2,N2,N2
SC402,SC4021,1230,36900.0,N2,N2,N2,N2,N2,N2,N2,N2,N2,N2,N2,N2,N2,N2,N2,N2,N2,N2,N2
SC402,SC4021,1231,36930.0,N2,N2,N2,N2,N2,N2,N2,N2,N2,N2,N2,N2,N2,N2,N2,N2,N2,N2,N2
SC402,SC4021,1232,36960.0,N2,N2,N2,N2,N2,N2,N2,N2,N2,N2,N2,N2,N2,N2,N2,N2,N2,N2,N2
SC402,SC4021,1233,36990.0,N2,N2,N2,N2,N2,N2,N2,N2,N2,N2,N2,N2,N2,N2,N2,N2,N2,N2,N2
SC402,SC4021,1234,37020.0,N2,N2,N2,N2,N2,N2,N2,N2,N2,N2,N2,N2,N2,N2,N2,N2,N2,N2,N2
SC402,SC4021,1235,37050.0,N2,N2,N2,N2,N2,N2,N2,N2,N2,N2,N2,N2,N2,N2,N2,N2,N2,N2,N2
SC402,SC4021,1236,37080.0,N2,N2,N2,N2,N2,N2,N2,N2,N2,N2,N2,N2,N2,N2,N2,N2,N2,N2,N2
SC402,SC4021,1237,37110.0,N2,N2,N2,N2,N2,N2,N2,N2,N2,N2,N2,N2,N2,N2,N2,N2,N2,N2,N2
SC402,SC4021,1238,37140.0,N2,N2,N2,N2,N2,N2,N2,N2,N2,N2,N2,N2,N2,N2,N2,N2,N2,N2,N2
SC402,SC4021,1239,37170.0,N2,N2,N2,N2,N2,N2,N2,N2,N2,N2,N2,N2,N2,N2,N2,N2,N2,N2,N2
SC402,SC4021,1240,37200.0,N2,N2,N2,N2,N2,N2,N2,N2,N2,N2,N2,N2,N2,N2,N2,N2,N2,N2,N2
SC402,SC4021,1241,37230.0,N2,N2,N2,N2,N2,N2,N2,N2,N2,N2,N2,N2,N2,N2,N2,N2,N2,N2,N2
SC402,SC4021,1242,37260.0,N2,N2,N2,N2,N2,N2,N2,N2,N2,N2,N2,N2,N2,N2,N2,N2,N2,N2,N2
SC402,SC4021,1243,37290.0,N2,N2,N2,N2,N2,N2,N2,N2,N2,N2,N2,N2,N2,N2,N2,N2,N2,N2,N2
SC402,SC4021,1244,37320.0,N2,N2,N2,N2,N2,N2,N2,N2,N2,N2,N2,N2,N2,N2,N2,N2,N2,N2,N2
SC402,SC4021,1245,37350.0,N2,N2,N2,N2,N2,Wake,Wake,N2,N2,N2,N2,N2,N2,N2,N2,N2,N2,N2,N2
SC402,SC4021,1246,37380.0,N2,N2,N2,N2,N2,N1,N1,N1,N2,N2,N2,N2,N2,N2,N2,N2,N2,N2,N2
SC402,SC4021,1247,37410.0,N2,N2,N2,N2,N2,N2,N2,N2,N2,N2,N2,N2,N2,N2,N2,N2,N2,N2,N2
SC402,SC4021,1248,37440.0,N2,N2,N2,N2,N2,N2,N2,N2,N2,N2,N2,N2,N2,N2,N2,N2,N2,N2,N2
SC402,SC4021,1249,37470.0,N2,N2,N2,N2,N2,N2,N2,N2,N2,N2,N2,N2,N2,N2,N2,N2,N2,N2,N2
SC402,SC4021,1250,37500.0,N2,N2,N2,N2,N2,N2,N2,N2,N2,N2,N2,N2,N2,N2,N2,N2,N2,N2,N2
SC402,SC4021,1251,37530.0,N2,N2,N2,N2,N2,N2,N2,N2,N2,N2,N2,N2,N2,N2,N2,N2,N2,N2,N2
SC402,SC4021,1252,37560.0,N2,N2,N2,N2,N2,N2,N2,N2,N2,N2,N2,N2,N2,N2,N2,N2,N2,N2,N2
SC402,SC4021,1253,37590.0,N2,N2,N2,N2,N2,N2,N2,N2,N2,N2,N2,N2,N2,N2,N2,N2,N2,N2,N2
SC402,SC4021,1254,37620.0,N2,N2,N2,N2,N2,Wake,Wake,Wake,N2,N2,N2,N2,N2,N2,N2,N2,N2,N2,N2
SC402,SC4021,1255,37650.0,N2,N2,N2,N2,N2,Wake,Wake,N2,N2,N2,N2,N2,N2,N2,N2,N2,N2,N2,N2
SC402,SC4021,1256,37680.0,N2,N2,N2,N2,N2,N2,N2,N2,N2,N2,N2,N2,N2,N2,N2,N2,N2,N2,N2
SC402,SC4021,1257,37710.0,N2,N2,N2,N2,N2,N2,N2,N2,N2,N2,N2,N2,N2,N2,N2,N2,N2,N2,N2
SC402,SC4021,1258,37740.0,N2,N2,N2,N2,N2,N2,N2,N2,N2,N2,N2,N2,N2,N2,N2,N2,N2,N2,N2
SC402,SC4021,1259,37770.0,N2,N2,N2,N2,N2,N2,N2,N2,N2,N2,N2,N2,N2,N2,N2,N2,N2,N2,N2
SC402,SC4021,1260,37800.0,N2,N2,N2,N2,N2,N2,N2,N2,N2,N2,N2,N2,N2,N2,N2,N2,N2,N2,N2
SC402,SC4021,1261,37830.0,N2,N2,N2,N2,N2,Wake,Wake,N3,N3,N2,N2,N2,N2,N2,N2,N2,N2,N2,N2
SC402,SC4021,1262,37860.0,N2,N2,N2,N2,N2,Wake,Wake,Wake,Wake,Wake,Wake,N2,N2,N2,N2,N2,N2,N2,N2
SC402,SC4021,1263,37890.0,N2,N2,N2,N2,N2,Wake,Wake,Wake,Wake,Wake,Wake,N2,N2,N2,N2,N2,N2,N2,N2
SC402,SC4021,1264,37920.0,N2,N2,N2,N2,N2,N2,N2,N3,N3,N2,N2,N2,N2,N2,N2,N2,N2,N2,N2
SC402,SC4021,1265,37950.0,N2,N2,N2,N2,N2,N3,N3,N3,N3,N3,N3,N2,N2,N2,N2,N2,N2,N2,N2
SC402,SC4021,1266,37980.0,N2,N2,N2,N2,N2,N3,N3,N3,N3,N3,N3,N2,N2,N2,N2,N2,N2,N2,N2
SC402,SC4021,1267,38010.0,N2,N3,N2,N2,N2,N3,N3,N3,N3,N3,N3,N2,N2,N2,N2,N2,N2,N3,N3
SC402,SC4021,1268,38040.0,N2,N2,N2,N2,N2,N3,N3,N3,N3,N3,N3,N2,N2,N2,N2,N2,N2,N3,N3
SC402,SC4021,1269,38070.0,N2,N2,N2,N2,N2,N3,N3,N3,N3,N3,N3,N2,N2,N2,N2,N2,N2,N3,N3
SC402,SC4021,1270,38100.0,N2,N2,N2,N2,N2,N2,N2,N3,N3,N3,N3,N2,N2,N2,N2,N2,N2,N3,N3
SC402,SC4021,1271,38130.0,N2,N2,N2,N2,N2,N2,N2,N3,N3,N3,N3,N2,N2,N2,N2,N2,N2,N2,N3
SC402,SC4021,1272,38160.0,N3,N3,N2,N3,N2,Wake,N2,N3,N3,N3,N3,N2,N2,N2,N2,N2,N2,N3,N3
SC402,SC4021,1273,38190.0,N2,N2,N3,N2,N3,N2,N2,N3,N3,N3,N3,N2,N2,N2,N2,N2,N2,N3,N3
SC402,SC4021,1274,38220.0,N2,N3,N3,N3,N2,N2,N2,N3,N3,N3,N3,N2,N2,N2,N2,N3,N2,N3,N3
SC402,SC4021,1275,38250.0,N3,N3,N3,N2,N3,N2,N2,N3,N3,N3,N3,N2,N2,N2,N2,N2,N2,N3,N3
SC402,SC4021,1276,38280.0,N3,N3,N3,N3,N3,N3,N2,N3,N3,Wake,Wake,N3,N3,N3,N3,N2,N2,N3,N3
SC402,SC4021,1277,38310.0,N2,N3,N3,Wake,Wake,N2,N2,Wake,Wake,Wake,Wake,N3,N3,N3,N3,N3,N2,N3,N3
SC402,SC4021,1278,38340.0,N1,Wake,Wake,Wake,Wake,Wake,Wake,Wake,Wake,Wake,Wake,Wake,N3,Wake,N3,N2,N3,N3,N3
SC402,SC4021,1279,38370.0,N2,Wake,Wake,Wake,Wake,Wake,Wake,Wake,Wake,Wake,Wake,N3,N3,N3,N3,N3,N2,N2,N2
SC402,SC4021,1280,38400.0,N2,Wake,Wake,Wake,Wake,N1,N1,Wake,Wake,Wake,Wake,N2,N2,N3,N3,N2,N2,N2,N2
SC402,SC4021,1281,38430.0,N2,N2,N2,N2,N2,N2,N2,N2,N2,Wake,Wake,N2,N2,N3,N3,N2,N2,N3,N2
SC402,SC4021,1282,38460.0,N2,N2,N2,N2,N2,N2,N2,N2,N2,Wake,Wake,N2,N2,N2,N2,N2,N2,N2,N2
SC402,SC4021,1283,38490.0,N2,N2,N2,N2,N2,N2,N2,N2,N2,N2,N2,N2,N2,N2,N2,N2,N2,N2,N2
SC402,SC4021,1284,38520.0,N2,N2,N2,N2,N2,N1,N2,N1,N1,N2,N2,N2,N2,N2,N2,N2,N2,N2,N2
SC402,SC4021,1285,38550.0,N2,N2,N2,N2,N2,N2,N2,N1,N1,N2,N2,N2,N2,N2,N2,N2,N2,N2,N2
SC402,SC4021,1286,38580.0,N2,N2,N2,N2,N2,N2,N2,N1,N1,N2,N2,N2,N2,N2,N2,N2,N2,N2,N2
SC402,SC4021,1287,38610.0,N2,N2,N2,N2,N2,N2,N2,N1,N1,N2,N2,N2,N2,N2,N2,N2,N2,N2,N2
SC402,SC4021,1288,38640.0,N2,N2,N2,N2,N2,REM,N2,N1,N1,N2,N2,N2,N2,N2,N2,N2,N2,N2,N2
SC402,SC4021,1289,38670.0,N2,N2,N2,N2,N2,N2,N2,N2,N2,N3,N3,N2,N2,N2,N2,N2,N2,N2,N2
SC402,SC4021,1290,38700.0,N2,N2,N2,Wake,Wake,Wake,Wake,Wake,Wake,Wake,Wake,N2,N2,N2,N2,N2,N2,N2,N2
SC402,SC4021,1291,38730.0,N3,N2,N2,Wake,Wake,Wake,Wake,Wake,Wake,Wake,Wake,Wake,N2,N3,N2,N3,N2,N3,N2
SC402,SC4021,1292,38760.0,N2,N2,N2,N2,N2,N2,N2,N2,N2,N2,N2,N2,N2,N2,N2,N2,N2,N2,N3
SC402,SC4021,1293,38790.0,N2,N2,N2,N2,N2,N2,N2,N2,N2,N3,N3,N2,N2,N2,N2,N2,N2,N3,N2
SC402,SC4021,1294,38820.0,N2,N2,N2,N2,N2,N2,N2,N2,N2,N3,N3,N2,N2,N2,N2,N2,N2,N2,N2
SC402,SC4021,1295,38850.0,N2,N2,N2,N2,N2,N2,N2,N2,N2,N2,N2,N2,N2,N2,N2,N2,N2,N2,N2
SC402,SC4021,1296,38880.0,N2,N2,N2,N2,N2,N2,N2,N2,N2,N2,N2,N2,N2,N2,N2,N2,N2,N2,N2
SC402,SC4021,1297,38910.0,N2,N2,N2,N2,N2,N2,N2,N2,N2,N2,N2,N2,N2,N2,N2,N2,N2,N2,N2
SC402,SC4021,1298,38940.0,N2,N2,N2,N2,N2,N2,N2,N2,N2,N2,N2,N2,N2,N2,N2,N2,N2,N2,N2
SC402,SC4021,1299,38970.0,N2,N2,N2,N2,N2,N2,N2,N3,N2,N2,N2,N2,N2,N2,N2,N2,N2,N3,N3
SC402,SC4021,1300,39000.0,N3,N3,N2,N2,N2,N2,N2,N2,N2,N3,N2,N2,N2,N2,N2,N2,N2,N3,N3
SC402,SC4021,1301,39030.0,N2,N2,N2,N2,N2,N2,N2,N2,N2,N2,N2,N2,N2,N2,N2,N2,N2,N2,N3
SC402,SC4021,1302,39060.0,N2,N2,N2,N2,N2,N2,N2,N2,N2,N2,N2,N2,N2,N2,N2,N2,N2,N3,N2
SC402,SC4021,1303,39090.0,N2,N2,N2,N2,N2,N2,N2,N2,N2,N2,N2,N2,N2,N2,N2,N2,N2,N2,N3
SC402,SC4021,1304,39120.0,N3,N2,N2,N2,N2,Wake,N2,Wake,Wake,Wake,Wake,N2,N2,N2,N2,N2,N2,N3,N2
SC402,SC4021,1305,39150.0,N2,N2,N2,N2,N2,N2,N2,Wake,Wake,Wake,Wake,N2,N2,N2,N2,N2,N2,N2,N3
SC402,SC4021,1306,39180.0,N2,N2,N2,N2,N2,N2,N2,N2,N2,N2,N2,N2,N2,N2,N2,N2,N2,N3,N2
SC402,SC4021,1307,39210.0,N2,N2,N2,N2,N2,N2,N2,N2,N2,N2,N2,N2,N2,N2,N2,N2,N2,N2,N2
SC402,SC4021,1308,39240.0,N2,N2,N2,N2,N2,N2,N2,N2,N2,N2,N2,N2,N2,N2,N2,N2,N2,N2,N2
SC402,SC4021,1309,39270.0,N3,N3,N3,Wake,Wake,N2,N2,N3,N3,N3,N3,N3,N3,N3,N3,N2,N2,N3,N3
SC402,SC4021,1310,39300.0,N3,N3,N3,Wake,Wake,N3,N3,Wake,Wake,N3,N3,N3,N3,N3,N3,N3,N3,N3,N3
SC402,SC4021,1311,39330.0,Wake,Wake,Wake,Wake,Wake,Wake,Wake,Wake,Wake,Wake,Wake,N3,N3,N3,N3,N3,N3,N3,N3
SC402,SC4021,1312,39360.0,N1,Wake,Wake,Wake,Wake,Wake,Wake,Wake,Wake,Wake,Wake,Wake,Wake,Wake,Wake,Wake,Wake,N1,N1
SC402,SC4021,1313,39390.0,N1,N1,N1,N1,N1,N1,N1,N1,N1,N1,N1,N2,N2,N2,N2,N2,N2,N1,N1
SC402,SC4021,1314,39420.0,N2,N2,N2,N2,N2,REM,REM,REM,REM,N1,N1,N2,N2,N2,N2,N2,N2,N2,N2
SC402,SC4021,1315,39450.0,N2,N2,N2,N2,N2,REM,REM,REM,REM,REM,REM,N2,N2,N2,N2,N2,N2,N2,N2
SC402,SC4021,1316,39480.0,N2,N2,N2,N2,N2,N2,N2,REM,REM,REM,REM,N2,N2,N2,N2,N2,N2,N2,N2
SC402,SC4021,1317,39510.0,N2,N2,N2,N2,N2,N2,N2,N2,N2,REM,REM,N2,N2,N2,N2,N2,N2,N2,N2
SC402,SC4021,1318,39540.0,N2,N2,N2,N2,N2,N2,N2,N2,N2,N2,N2,N2,N2,N2,N2,N2,N2,N2,N2
SC402,SC4021,1319,39570.0,N2,N2,N2,N2,N2,N2,N2,N2,N2,N2,N2,N2,N2,N2,N2,N2,N2,N2,N2
SC402,SC4021,1320,39600.0,N2,N2,N2,N2,N2,N2,N2,N2,N2,N2,N2,N2,N2,N2,N2,N2,N2,N2,N2
SC402,SC4021,1321,39630.0,N2,N2,N2,N2,N2,N2,N2,N2,N2,N2,N2,N2,N2,N2,N2,N2,N2,N2,N2
SC402,SC4021,1322,39660.0,N2,N2,N2,N2,N2,N2,N2,N2,N2,N2,N2,N2,N2,N2,N2,N2,N2,N2,N2
SC402,SC4021,1323,39690.0,N2,N2,N2,N2,N2,N2,N2,N2,N2,N2,N2,N2,N2,N2,N2,N2,N2,N2,N2
SC402,SC4021,1324,39720.0,N2,N2,N2,N2,N2,N2,N2,N2,N2,N2,N2,N2,N2,N2,N2,N2,N2,N2,N2
SC402,SC4021,1325,39750.0,N2,N2,N2,N2,N2,N2,N2,N2,N2,N2,N2,N2,N2,N2,N2,N2,N2,N2,N2
SC402,SC4021,1326,39780.0,N2,N2,N2,N2,N2,Wake,Wake,Wake,N2,N1,N1,N2,N2,N2,N2,N2,N2,N2,N2
SC402,SC4021,1327,39810.0,N2,N2,N2,N2,N2,Wake,Wake,N2,N2,N1,N1,N2,N2,N2,N2,N2,N2,N2,N2
SC402,SC4021,1328,39840.0,N2,N2,N2,N2,N2,Wake,Wake,N2,N2,N2,N2,N2,N2,N2,N2,N2,N2,N2,N2
SC402,SC4021,1329,39870.0,N2,N2,N2,N2,N2,N2,N2,N2,N2,N2,N2,N2,N2,N2,N2,N2,N2,N2,N2
SC402,SC4021,1330,39900.0,N2,N2,N2,N2,N2,N2,N2,N2,N2,N2,N2,N2,N2,N2,N2,N2,N2,N2,N2
SC402,SC4021,1331,39930.0,N2,N2,N2,N2,N2,N3,N2,N2,N2,N2,N2,N2,N2,N2,N2,N2,N2,N2,N2
SC402,SC4021,1332,39960.0,N2,N2,N2,N2,N2,N2,N2,N2,N2,N2,N2,N2,N2,N2,N2,N2,N2,N2,N2
SC402,SC4021,1333,39990.0,N2,N2,N2,N2,N2,N2,N2,N2,N2,N2,N2,N2,N2,N2,N2,N2,N2,N2,N2
SC402,SC4021,1334,40020.0,N2,N2,N2,N2,N2,N2,N2,N2,N2,N2,N2,N2,N2,N2,N2,N2,N2,N2,N2
SC402,SC4021,1335,40050.0,N2,N2,N2,N2,N2,N2,N2,N2,N2,N2,N2,N2,N2,N2,N2,N2,N2,N2,N2
SC402,SC4021,1336,40080.0,N2,N2,N2,N2,N2,N2,N2,N2,N2,N2,N2,N2,N2,N2,N2,N2,N2,N2,N2
SC402,SC4021,1337,40110.0,N2,N2,N2,N2,N2,N1,N1,REM,N2,REM,REM,N2,N2,N2,N2,N2,N2,N2,N2
SC402,SC4021,1338,40140.0,N2,N2,N2,N2,N2,Wake,Wake,N2,N2,REM,REM,N2,N2,N2,N2,N2,N2,N2,N2
SC402,SC4021,1339,40170.0,REM,REM,REM,REM,REM,Wake,Wake,Wake,Wake,REM,REM,N2,N2,N2,N2,N2,N2,N2,N2
SC402,SC4021,1340,40200.0,REM,Wake,REM,REM,REM,Wake,Wake,Wake,Wake,Wake,Wake,REM,REM,REM,REM,REM,REM,REM,REM
SC402,SC4021,1341,40230.0,REM,REM,REM,REM,REM,REM,REM,Wake,Wake,Wake,Wake,Wake,REM,Wake,Wake,Wake,Wake,REM,REM
SC402,SC4021,1342,40260.0,REM,REM,REM,REM,REM,REM,REM,Wake,Wake,REM,REM,REM,REM,N2,N2,N2,N2,REM,REM
SC402,SC4021,1343,40290.0,REM,REM,REM,REM,REM,REM,REM,REM,REM,REM,REM,N2,N2,REM,N2,REM,REM,REM,REM
SC402,SC4021,1344,40320.0,REM,REM,REM,REM,REM,REM,REM,REM,REM,REM,REM,N2,N2,N2,REM,REM,REM,REM,REM
SC402,SC4021,1345,40350.0,REM,REM,REM,REM,REM,REM,REM,REM,REM,REM,REM,REM,REM,REM,REM,REM,REM,REM,REM
SC402,SC4021,1346,40380.0,REM,REM,REM,REM,REM,REM,REM,REM,REM,REM,REM,REM,REM,REM,REM,REM,REM,REM,REM
SC402,SC4021,1347,40410.0,REM,N1,N1,Wake,Wake,REM,REM,N1,N1,Wake,Wake,Wake,Wake,Wake,Wake,Wake,Wake,REM,REM
SC402,SC4021,1348,40440.0,REM,N1,N1,N1,N1,N2,N2,N1,N1,N1,N1,N1,N1,N1,N1,N1,N1,REM,REM
SC402,SC4021,1349,40470.0,REM,REM,N1,REM,N1,N2,N2,Wake,Wake,REM,REM,N2,N1,N3,N3,REM,REM,REM,REM
SC402,SC4021,1350,40500.0,REM,N1,N1,N1,N1,N2,N2,Wake,Wake,REM,REM,N1,N1,REM,REM,REM,REM,REM,REM
SC402,SC4021,1351,40530.0,N1,N1,N1,N1,N1,Wake,Wake,N1,N1,N1,N1,Wake,N1,Wake,Wake,REM,REM,REM,REM
SC402,SC4021,1352,40560.0,N1,N1,N1,N1,N1,N1,N1,N1,N1,N1,N1,N1,Wake,N1,Wake,Wake,Wake,N1,N1
SC402,SC4021,1353,40590.0,REM,N1,N1,N1,N1,N1,N1,N1,N1,N1,N1,Wake,Wake,Wake,Wake,Wake,Wake,N1,N1
SC402,SC4021,1354,40620.0,REM,N1,N1,N1,N1,N2,N2,REM,REM,N1,N1,Wake,Wake,Wake,Wake,Wake,Wake,REM,REM
SC402,SC4021,1355,40650.0,REM,REM,REM,REM,REM,N2,N2,REM,REM,REM,REM,Wake,Wake,Wake,Wake,Wake,Wake,REM,REM
SC402,SC4021,1356,40680.0,REM,REM,REM,REM,REM,N2,N2,N2,N2,REM,REM,Wake,Wake,N1,N1,N1,N1,REM,REM
SC402,SC4021,1357,40710.0,REM,REM,REM,REM,REM,N2,N2,N2,N2,REM,REM,Wake,Wake,N1,N1,N1,N1,REM,REM
SC402,SC4021,1358,40740.0,REM,REM,REM,REM,REM,N2,N2,N2,N2,REM,REM,N1,N1,N1,N1,N1,N1,REM,REM
SC402,SC4021,1359,40770.0,REM,REM,REM,REM,REM,Wake,Wake,N2,N2,REM,REM,N2,N2,N2,N2,REM,REM,REM,REM
SC402,SC4021,1360,40800.0,REM,REM,REM,REM,REM,Wake,Wake,Wake,Wake,Wake,Wake,N2,N2,N2,N2,REM,REM,REM,REM
SC402,SC4021,1361,40830.0,N1,N1,N1,N1,N1,Wake,Wake,Wake,Wake,N1,N1,Wake,Wake,REM,REM,REM,REM,REM,REM
SC402,SC4021,1362,40860.0,N1,N1,N1,N1,N1,N1,N1,N1,N1,N1,N1,Wake,Wake,Wake,Wake,Wake,Wake,N1,REM
SC402,SC4021,1363,40890.0,N1,N1,N1,N1,N1,N2,N2,N2,N2,N1,N1,Wake,Wake,Wake,Wake,Wake,Wake,REM,REM
SC402,SC4021,1364,40920.0,REM,N1,N1,N1,N1,N2,N2,N2,N2,REM,REM,Wake,Wake,N1,N1,N1,N1,REM,REM
SC402,SC4021,1365,40950.0,REM,REM,REM,REM,REM,N2,N2,N2,N2,REM,REM,Wake,Wake,N1,N1,N1,N1,REM,REM
SC402,SC4021,1366,40980.0,REM,REM,REM,REM,REM,N2,N2,N2,N2,REM,REM,N1,Wake,N1,N1,N1,N1,REM,REM
SC402,SC4021,1367,41010.0,REM,REM,REM,REM,REM,N2,N2,N2,N2,REM,REM,Wake,Wake,N1,N1,N1,N1,REM,REM
SC402,SC4021,1368,41040.0,REM,REM,REM,REM,REM,N3,N2,N2,N2,REM,REM,Wake,Wake,N1,N1,N1,N1,REM,REM
SC402,SC4021,1369,41070.0,REM,REM,REM,REM,REM,N2,N2,N2,N2,REM,REM,Wake,Wake,N1,N1,Wake,N1,REM,REM
SC402,SC4021,1370,41100.0,REM,REM,REM,REM,REM,N2,N2,N3,N2,REM,REM,Wake,Wake,REM,REM,N1,N1,REM,REM
SC402,SC4021,1371,41130.0,REM,REM,REM,REM,REM,Wake,Wake,N2,N2,REM,REM,N1,N1,REM,REM,N1,N1,REM,REM
SC402,SC4021,1372,41160.0,REM,REM,REM,REM,REM,Wake,Wake,Wake,Wake,Wake,REM,N2,N2,N2,REM,REM,REM,REM,REM
SC402,SC4021,1373,41190.0,REM,REM,REM,REM,REM,Wake,Wake,N1,N1,REM,REM,REM,REM,REM,REM,REM,REM,REM,REM
SC402,SC4021,1374,41220.0,REM,REM,REM,REM,REM,N2,N2,N2,N2,REM,REM,REM,REM,REM,REM,REM,REM,REM,REM
SC402,SC4021,1375,41250.0,REM,REM,REM,REM,REM,N2,N2,N2,N2,REM,REM,N1,N1,N1,N1,N1,N1,REM,REM
SC402,SC4021,1376,41280.0,REM,REM,REM,REM,REM,N2,N2,N2,N2,REM,REM,N1,N1,N1,N1,N1,N1,REM,REM
SC402,SC4021,1377,41310.0,REM,REM,REM,REM,REM,N2,N2,N2,N2,REM,REM,Wake,Wake,REM,REM,N1,N1,REM,REM
SC402,SC4021,1378,41340.0,REM,REM,REM,REM,REM,N2,N2,N2,N2,N1,REM,Wake,Wake,REM,REM,Wake,Wake,REM,REM
SC402,SC4021,1379,41370.0,REM,REM,REM,REM,REM,N1,N2,N2,N2,REM,REM,N1,Wake,Wake,Wake,Wake,Wake,REM,REM
SC402,SC4021,1380,41400.0,REM,REM,REM,REM,REM,N2,N2,N2,N2,REM,REM,Wake,N1,Wake,Wake,Wake,Wake,REM,REM
SC402,SC4021,1381,41430.0,REM,REM,REM,REM,REM,REM,REM,N2,N2,REM,REM,N1,N1,N1,N1,N1,N1,REM,REM
SC402,SC4021,1382,41460.0,REM,REM,REM,REM,REM,Wake,Wake,N2,N2,REM,REM,N1,N1,N1,N1,N1,N1,REM,REM
SC402,SC4021,1383,41490.0,REM,REM,REM,REM,REM,Wake,Wake,N3,N3,N2,N2,N2,N2,REM,REM,N1,N1,REM,REM
SC402,SC4021,1384,41520.0,REM,REM,REM,REM,REM,Wake,Wake,Wake,Wake,Wake,Wake,N2,N2,REM,REM,REM,REM,REM,REM
SC402,SC4021,1385,41550.0,REM,REM,REM,REM,REM,N3,N3,Wake,Wake,Wake,Wake,N2,N2,REM,REM,REM,REM,REM,REM
SC402,SC4021,1386,41580.0,REM,REM,REM,REM,REM,N3,N3,N3,Wake,Wake,Wake,N2,N2,REM,REM,REM,REM,REM,REM
SC402,SC4021,1387,41610.0,REM,REM,REM,REM,REM,N1,N1,Wake,Wake,REM,Wake,N1,N2,REM,REM,N1,REM,REM,REM
SC402,SC4021,1388,41640.0,REM,REM,REM,REM,REM,Wake,Wake,Wake,Wake,Wake,Wake,N2,N1,REM,REM,REM,REM,REM,REM
SC402,SC4021,1389,41670.0,N1,N1,N1,N1,N1,Wake,Wake,Wake,Wake,Wake,Wake,N1,N1,N1,N1,N2,N2,REM,REM
SC402,SC4021,1390,41700.0,N1,N1,N1,N1,N1,N1,N1,Wake,Wake,N1,N1,Wake,Wake,Wake,N1,Wake,Wake,REM,REM
SC402,SC4021,1391,41730.0,N1,N1,N1,N1,N1,N1,N1,N2,N2,N1,N1,Wake,Wake,N1,N1,N1,N1,REM,REM
SC402,SC4021,1392,41760.0,N1,REM,REM,REM,N1,N2,N2,N2,N2,N2,N2,N1,N1,N1,N1,N1,N1,REM,REM
SC402,SC4021,1393,41790.0,N1,REM,REM,N1,REM,N2,N2,N2,N2,N2,N2,N1,N1,N1,N1,N1,N1,REM,REM
SC402,SC4021,1394,41820.0,N2,REM,REM,REM,REM,N2,N2,N2,N2,N2,N2,N1,N1,N1,N1,N1,N1,REM,REM
SC402,SC4021,1395,41850.0,N2,N2,N2,N2,N2,N2,N2,N2,N2,N2,N2,N2,N2,N2,N2,N2,N2,N2,N2
SC402,SC4021,1396,41880.0,N2,N2,N2,N2,N2,N3,N3,N2,N2,N2,N2,N2,N2,N2,N2,REM,N2,N2,N2
SC402,SC4021,1397,41910.0,N2,N2,N2,N2,N2,N3,N3,N3,N2,N3,N2,N2,N2,N2,N2,N2,REM,N2,N2
SC402,SC4021,1398,41940.0,N2,REM,REM,REM,REM,N2,N2,N2,N2,N2,N2,REM,REM,REM,REM,REM,REM,REM,REM
SC402,SC4021,1399,41970.0,N2,REM,REM,REM,REM,N2,N2,N2,N2,N2,N2,REM,REM,REM,REM,REM,REM,REM,REM
SC402,SC4021,1400,42000.0,REM,N2,REM,N2,REM,N2,N2,N2,N2,N2,N2,N2,N2,N2,REM,N1,REM,N2,REM
SC402,SC4021,1401,42030.0,REM,REM,REM,REM,REM,N1,N1,N2,N2,N2,N2,N1,N1,REM,REM,REM,N1,REM,REM
SC402,SC4021,1402,42060.0,REM,REM,REM,REM,REM,N1,N1,N2,N2,N2,N2,N1,N1,REM,REM,N1,N1,REM,REM
SC402,SC4021,1403,42090.0,REM,REM,REM,REM,REM,REM,REM,REM,REM,N2,N2,N1,N1,REM,REM,N1,N1,REM,REM
SC402,SC4021,1404,42120.0,REM,REM,REM,REM,REM,REM,REM,REM,REM,N2,N2,Wake,N1,N1,N1,N1,N1,REM,REM
SC402,SC4021,1405,42150.0,REM,REM,REM,N1,REM,N1,N1,N1,N1,Wake,N2,N1,N1,N1,N1,N1,N1,REM,REM
SC402,SC4021,1406,42180.0,REM,REM,REM,REM,REM,Wake,Wake,Wake,Wake,N2,N2,N1,N1,N2,N2,N1,N1,REM,REM
SC402,SC4021,1407,42210.0,REM,REM,REM,REM,REM,N2,N2,N2,N2,N2,N2,N2,N2,N2,N2,REM,REM,REM,REM
SC402,SC4021,1408,42240.0,REM,REM,REM,REM,REM,N2,N2,N2,N2,N2,N2,REM,N2,REM,REM,REM,REM,REM,REM
SC402,SC4021,1409,42270.0,REM,REM,REM,REM,REM,N2,N2,N2,N2,N2,N2,N2,N2,N1,N1,N1,N1,REM,REM
SC402,SC4021,1410,42300.0,REM,REM,REM,REM,REM,N2,N2,REM,N2,N2,N2,N1,N1,N1,N1,N1,N1,REM,REM
SC402,SC4021,1411,42330.0,REM,REM,REM,REM,REM,N2,N2,N2,N2,N2,N2,Wake,N1,N1,N1,N1,N1,REM,REM
SC402,SC4021,1412,42360.0,REM,REM,REM,REM,REM,N2,N2,N2,N2,N2,N2,N1,N1,N1,N1,N1,N1,REM,REM
SC402,SC4021,1413,42390.0,REM,REM,REM,REM,REM,Wake,Wake,N2,N2,N2,N2,N1,N1,REM,REM,REM,N1,REM,REM
SC402,SC4021,1414,42420.0,REM,REM,REM,N1,REM,Wake,Wake,Wake,N2,N2,N2,Wake,Wake,REM,REM,N1,REM,REM,REM
SC402,SC4021,1415,42450.0,REM,REM,REM,REM,REM,N2,N2,N2,N2,N2,N2,REM,REM,N2,N2,REM,N1,REM,REM
SC402,SC4021,1416,42480.0,REM,N2,REM,N2,REM,N2,N2,N2,N2,N2,N2,N2,N2,N2,N2,N1,N1,N2,REM
SC402,SC4021,1417,42510.0,N2,REM,REM,REM,REM,N2,N2,N2,N2,N2,N2,N2,N2,REM,N2,N1,N1,REM,REM
SC402,SC4021,1418,42540.0,REM,REM,REM,REM,REM,N2,N2,N2,N2,N2,N2,N1,N1,N2,REM,N1,N1,REM,REM
SC402,SC4021,1419,42570.0,REM,REM,REM,REM,REM,N2,N2,N2,N2,N2,N2,REM,REM,REM,REM,REM,N1,REM,REM
SC402,SC4021,1420,42600.0,REM,REM,REM,REM,REM,Wake,Wake,Wake,Wake,Wake,Wake,Wake,Wake,N1,N1,N1,N1,REM,REM
SC402,SC4021,1421,42630.0,Wake,N1,N1,Wake,Wake,Wake,Wake,Wake,Wake,Wake,Wake,Wake,Wake,Wake,N1,Wake,Wake,N1,N1
SC402,SC4021,1422,42660.0,N1,N1,N1,N1,N1,N1,N1,N1,N1,N1,N1,Wake,Wake,N1,N1,Wake,Wake,N1,N1
SC402,SC4021,1423,42690.0,N1,N1,N1,N1,N1,N2,N2,N2,N2,N2,N2,N1,N1,N2,N2,N1,N1,N2,N2
SC402,SC4021,1424,42720.0,N2,N2,N2,N2,N2,N2,N2,N2,N2,N2,N2,N2,N2,N2,N2,N2,N2,N2,N2
SC402,SC4021,1425,42750.0,N2,N2,N2,N2,N2,N2,N2,N2,N2,N2,N2,N2,N2,N2,N2,N2,N2,N2,N2
SC402,SC4021,1426,42780.0,N2,N2,N2,N2,N2,N2,N2,N2,N2,N2,N2,N2,N2,N2,N2,N2,N2,N2,N2
SC402,SC4021,1427,42810.0,N2,N2,N2,N2,N2,N2,N2,N2,N2,N2,N2,N2,N2,N2,N2,N2,N2,N2,N2
SC402,SC4021,1428,42840.0,N2,N2,N2,N2,N2,N2,N2,N2,N2,N2,N2,N2,N2,N2,N2,N2,N2,N2,N2
SC402,SC4021,1429,42870.0,N2,N2,N2,N2,N2,N2,N2,N2,N2,N2,N2,N2,N2,N2,N2,N2,N2,N2,N2
SC402,SC4021,1430,42900.0,N2,N2,N2,N2,N2,N2,N2,N2,N2,N2,N2,N2,N2,N2,N2,N2,N2,N2,N2
SC402,SC4021,1431,42930.0,N2,N2,N2,N2,N2,N2,N2,N2,N2,N2,N2,N2,N2,N2,N2,N2,N2,N2,N2
SC402,SC4021,1432,42960.0,N2,N2,N2,N2,N2,N2,N2,N2,N2,N2,N2,N2,N2,N2,N2,N2,N2,N2,N2
SC402,SC4021,1433,42990.0,N2,N2,N2,N2,N2,N1,N2,N2,N2,N2,N2,N2,N2,N2,N2,N2,N2,N2,N2
SC402,SC4021,1434,43020.0,N2,N2,N2,N2,N2,N2,N2,N2,N2,N2,N2,N2,N2,N2,N2,N2,N2,N2,N2
SC402,SC4021,1435,43050.0,N2,N2,N2,N2,N2,N2,N2,N2,N2,N2,N2,N2,N2,N2,N2,N2,N2,N2,N2
SC402,SC4021,1436,43080.0,N2,N2,N2,N2,N2,N2,N2,N2,N2,N2,N2,N2,N2,N2,N2,N2,N2,N2,N2
SC402,SC4021,1437,43110.0,N2,N2,N2,N2,N2,N2,N2,N2,N2,N2,N2,N2,N2,N2,N2,N2,N2,N2,N2
SC402,SC4021,1438,43140.0,N2,N2,N2,N2,N2,N2,N2,N2,N2,N2,N2,N2,N2,N2,N2,N2,N2,N2,N2
SC402,SC4021,1439,43170.0,N2,N2,N2,N2,N2,Wake,N2,N2,N2,N2,N2,N2,N2,N2,N2,N2,N2,N2,N2
SC402,SC4021,1440,43200.0,N2,N2,N2,N2,N2,N2,N2,N2,N2,N2,N2,N2,N2,N2,N2,N2,N2,N2,N2
SC402,SC4021,1441,43230.0,N2,N2,N2,N2,N2,N2,N2,N2,N2,N2,N2,N2,N2,N2,N2,N2,N2,N2,N2
SC402,SC4021,1442,43260.0,N2,N2,N2,N2,N2,N2,N2,N2,N2,N2,N2,N2,N2,N2,N2,N2,N2,N2,N2
SC402,SC4021,1443,43290.0,N2,N2,N2,N2,N2,N2,N2,N2,N2,N2,N2,N2,N2,N2,N2,N2,N2,N2,N2
SC402,SC4021,1444,43320.0,N2,N2,N2,N2,N2,Wake,N2,N2,N2,N2,N2,N2,N2,N2,N2,N2,N2,N2,N2
SC402,SC4021,1445,43350.0,N2,N2,N2,N2,N2,N2,N2,N2,N2,N2,N2,N2,N2,N2,N2,N2,N2,N2,N2
SC402,SC4021,1446,43380.0,N2,N2,N2,N2,N2,N2,N2,N2,N2,N2,N2,N2,N2,N2,N2,N2,N2,N2,N2
SC402,SC4021,1447,43410.0,N2,N2,N2,N2,N2,N2,N2,N2,N2,N2,N2,N2,N2,N2,N2,N2,N2,N2,N2
SC402,SC4021,1448,43440.0,N2,N2,N2,N2,N2,N2,N2,N2,N2,N2,N2,N2,N2,N2,N2,N2,N2,N2,N2
SC402,SC4021,1449,43470.0,N2,N2,N2,N2,N2,REM,N2,N2,N2,N2,N2,N2,N2,N2,N2,N2,N2,N2,N2
SC402,SC4021,1450,43500.0,N2,N2,N2,N2,N2,N2,N2,N3,N3,N2,N2,N2,N2,N2,N2,N2,N2,N2,N2
SC402,SC4021,1451,43530.0,N2,N2,N2,N2,N2,N2,N2,N3,N3,N2,N2,N2,N2,N2,N2,N2,N2,N2,N2
SC402,SC4021,1452,43560.0,N2,N2,N2,N2,N2,N3,N2,N3,N3,N3,N2,N2,N2,N2,N2,N2,N2,N2,N2
SC402,SC4021,1453,43590.0,N2,N2,N2,N2,N2,N2,N2,N2,N2,N2,N2,N2,N2,N2,N2,N2,N2,N2,N2
SC402,SC4021,1454,43620.0,N2,N2,N2,N2,N2,N2,N2,N2,N2,N2,N2,N2,N2,N2,N2,N2,N2,N2,N2
SC402,SC4021,1455,43650.0,N2,N2,N2,N2,N2,N2,N2,N3,N3,N3,N3,N2,N2,N2,N2,N2,N2,N2,N2
SC402,SC4021,1456,43680.0,N3,N2,N2,N2,N2,Wake,Wake,Wake,Wake,Wake,Wake,N2,N2,N2,N2,N2,N2,N3,N2
SC402,SC4021,1457,43710.0,N2,N2,N2,N2,N2,N3,N3,Wake,Wake,Wake,Wake,N2,N2,N2,N2,N2,N2,N2,N2
SC402,SC4021,1458,43740.0,N2,N2,N2,N2,N2,N2,N2,N2,N2,Wake,Wake,N2,N2,N2,N2,N2,N2,N2,N2
SC402,SC4021,1459,43770.0,N2,N2,N2,N2,N2,N2,N2,N3,N3,N3,N3,N2,N2,N2,N2,N2,N2,N2,N2
SC402,SC4021,1460,43800.0,N2,N2,N2,N2,N2,N2,N2,N3,N3,N3,N3,N2,N2,N2,N2,N2,N2,N2,N2
SC402,SC4021,1461,43830.0,N2,N2,N2,N2,N2,N2,N2,N2,N3,N3,N3,N2,N2,N2,N2,N2,N2,N2,N2
SC402,SC4021,1462,43860.0,N2,N2,N2,N2,N2,N2,N2,N3,N3,N3,N3,N2,N2,N2,N2,N2,N2,N2,N2
SC402,SC4021,1463,43890.0,N2,N2,N2,N2,N2,N2,N2,N3,N3,N3,N3,N2,N2,N2,N2,N2,N2,N2,N2
SC402,SC4021,1464,43920.0,N2,N2,N2,N2,N2,N2,N2,N2,N3,N3,N3,N2,N2,N2,N2,N2,N2,N2,N2
SC402,SC4021,1465,43950.0,N2,N2,N2,N2,N2,N2,N2,N3,N2,N3,N3,N2,N2,N2,N2,N2,N2,N2,N2
SC402,SC4021,1466,43980.0,N2,N2,N2,N2,N2,N2,N2,N2,N2,N3,N3,N2,N2,N2,N2,N2,N2,N3,N3
SC402,SC4021,1467,44010.0,N2,N2,N2,N2,N2,N2,N2,N2,N2,N3,N3,N2,N2,N2,N2,N2,N2,N3,N3
SC402,SC4021,1468,44040.0,N2,N2,N2,N2,N2,N2,N2,N2,N2,N3,N3,N2,N2,N2,N2,N2,N2,N2,N2
SC402,SC4021,1469,44070.0,N2,N2,N2,N2,N2,N2,N2,N3,N2,N3,N3,N2,N2,N2,N2,N2,N2,N2,N2
SC402,SC4021,1470,44100.0,N2,N2,N2,N2,N2,N2,N2,N2,N2,N3,N3,N2,N2,N2,N2,N2,N2,N2,N2
SC402,SC4021,1471,44130.0,N2,N2,N2,N2,N2,N2,N2,N2,N2,N3,N3,N2,N2,N2,N2,N2,N2,N2,N2
SC402,SC4021,1472,44160.0,N2,N2,N2,N2,N2,N2,N2,N2,N2,N3,N3,N2,N2,N2,N2,N2,N2,N3,N3
SC402,SC4021,1473,44190.0,N3,N2,N2,N2,N2,Wake,Wake,Wake,Wake,Wake,Wake,N2,N2,N3,N2,N2,N2,N3,N3
SC402,SC4021,1474,44220.0,N1,N1,N2,Wake,N2,Wake,Wake,Wake,Wake,Wake,Wake,N1,N2,N2,N2,N2,N2,N2,N2
SC402,SC4021,1475,44250.0,N1,N2,N2,N2,N2,Wake,Wake,Wake,Wake,Wake,Wake,N2,N2,N2,N2,N2,N2,N2,N2
SC402,SC4021,1476,44280.0,N2,N2,N2,N2,N2,N1,N1,Wake,Wake,Wake,Wake,N2,N2,N2,N2,N2,N2,N2,N2
SC402,SC4021,1477,44310.0,N2,N2,N2,N2,N2,REM,REM,N1,Wake,Wake,Wake,N2,N2,N2,N2,N2,N2,N2,N2
SC402,SC4021,1478,44340.0,N2,Wake,N2,Wake,N2,Wake,REM,Wake,Wake,Wake,Wake,N2,N2,N2,N2,N2,N2,N2,N2
SC402,SC4021,1479,44370.0,N2,N2,N2,N2,N2,REM,REM,Wake,Wake,Wake,Wake,N2,N2,N2,N2,N2,N2,N2,N2
SC402,SC4021,1480,44400.0,N2,N2,N2,N2,N2,REM,REM,Wake,Wake,REM,Wake,N2,N2,N2,N2,N2,N2,N2,N2
SC402,SC4021,1481,44430.0,N2,N2,N2,N2,N2,N2,N2,REM,REM,Wake,REM,N2,N2,N2,N2,N2,N2,N2,N2
SC402,SC4021,1482,44460.0,N2,N2,N2,N2,N2,N2,N2,N1,N1,REM,REM,N2,N2,N2,N2,N2,N2,N2,N2
SC402,SC4021,1483,44490.0,N2,N2,N2,N2,N2,N2,N2,N2,N2,N2,N2,N2,N2,N2,N2,N2,N2,N2,N2
SC402,SC4021,1484,44520.0,N2,N2,N2,N2,N2,N2,N2,N2,N2,Wake,N2,N2,N2,N2,N2,N2,N2,N2,N2
SC402,SC4021,1485,44550.0,N2,N2,N2,N2,N2,N2,N2,N2,N2,N2,N2,N2,N2,N2,N2,N2,N2,N2,N2
SC402,SC4021,1486,44580.0,N2,N2,N2,N2,N2,N2,N2,N2,N2,N2,N2,N2,N2,N2,N2,N2,N2,N2,N2
SC402,SC4021,1487,44610.0,N2,N2,N2,N2,N2,N2,N2,N1,N2,REM,N2,N2,N2,N2,N2,N2,N2,N2,N2
SC402,SC4021,1488,44640.0,N2,N2,N2,N2,N2,N2,N2,N2,N2,N2,N2,N2,N2,N2,N2,N2,N2,N2,N2
SC402,SC4021,1489,44670.0,N2,N2,N2,N2,N2,N2,N2,N2,N2,N2,N2,N2,N2,N2,N2,N2,N2,N2,N2
SC402,SC4021,1490,44700.0,N2,N2,N2,N2,N2,N2,N2,N2,N2,Wake,Wake,N2,N2,N2,N2,N2,N2,N2,N2
SC402,SC4021,1491,44730.0,N2,N2,N2,N2,N2,Wake,N2,REM,N2,Wake,Wake,N2,N2,N2,N2,N2,N2,N2,N2
SC402,SC4021,1492,44760.0,N2,N2,N2,N2,N2,N2,Wake,N2,N2,N2,Wake,N2,N2,N2,N2,N2,N2,N2,N2
SC402,SC4021,1493,44790.0,N2,N2,N2,N2,N2,Wake,Wake,N2,N2,Wake,Wake,N2,N2,N2,N2,N2,N2,N2,N2
SC402,SC4021,1494,44820.0,N2,N2,N2,Wake,N2,Wake,Wake,Wake,Wake,Wake,Wake,N2,N2,N2,N2,N2,N2,N3,N2
SC402,SC4021,1495,44850.0,N2,N2,N2,N2,N2,Wake,Wake,Wake,Wake,Wake,Wake,N2,N2,N2,N2,N2,N2,N2,N2
SC402,SC4021,1496,44880.0,N2,N2,N2,N2,N2,N2,N2,N3,N3,Wake,Wake,N2,N2,N2,N2,N2,N2,N2,N2
SC402,SC4021,1497,44910.0,N2,N2,N2,N2,N2,N2,N2,N2,N2,Wake,Wake,N2,N2,N2,N2,N2,N2,N2,N2
SC402,SC4021,1498,44940.0,N2,N2,N2,N2,N2,N2,N2,N2,N2,N2,Wake,N2,N2,N2,N2,N2,N2,N2,N2
SC402,SC4021,1499,44970.0,N2,N2,N2,N2,N2,Wake,N2,Wake,Wake,Wake,Wake,N2,N2,N2,N2,N2,N2,N2,N2
SC402,SC4021,1500,45000.0,N2,N2,N2,N2,N2,N2,Wake,Wake,Wake,Wake,Wake,N2,N2,N2,N2,N2,N2,N2,N2
SC402,SC4021,1501,45030.0,N2,N2,N2,N2,N2,Wake,Wake,Wake,Wake,Wake,Wake,N2,N2,N2,N2,N2,N2,N2,N2
SC402,SC4021,1502,45060.0,N2,N2,N2,N2,N2,Wake,Wake,Wake,Wake,Wake,Wake,N2,N2,N2,N2,N2,N2,N2,N2
SC402,SC4021,1503,45090.0,N2,N2,N2,N2,N2,Wake,Wake,Wake,Wake,Wake,Wake,N2,N2,N2,N2,N2,N2,N2,N2
SC402,SC4021,1504,45120.0,N2,N2,N2,N2,N2,Wake,Wake,Wake,Wake,Wake,Wake,N2,N2,N2,N2,N2,N2,N2,N2
SC402,SC4021,1505,45150.0,N2,N2,N2,N2,N2,N2,N2,Wake,Wake,Wake,Wake,N2,N2,N2,N2,N2,N2,N2,N2
SC402,SC4021,1506,45180.0,N2,N2,N2,N2,N2,N2,N2,N2,N2,N2,Wake,N2,N2,N2,N2,N2,N2,N2,N2
SC402,SC4021,1507,45210.0,N2,N2,N2,N2,N2,N2,N2,N2,N2,Wake,Wake,N2,N2,N2,N2,N2,N2,N2,N2
SC402,SC4021,1508,45240.0,REM,N2,N2,REM,REM,REM,REM,REM,REM,REM,REM,N2,N2,N2,N2,N2,N2,REM,REM
SC402,SC4021,1509,45270.0,REM,REM,REM,REM,REM,REM,REM,REM,REM,REM,REM,N2,N2,N2,N2,REM,REM,REM,REM
SC402,SC4021,1510,45300.0,REM,REM,REM,REM,REM,REM,REM,REM,REM,REM,REM,N2,N2,REM,REM,REM,REM,REM,REM
SC402,SC4021,1511,45330.0,REM,REM,REM,REM,REM,REM,REM,REM,REM,REM,REM,REM,REM,REM,REM,REM,REM,REM,REM
SC402,SC4021,1512,45360.0,REM,REM,REM,REM,REM,REM,REM,REM,REM,REM,REM,REM,REM,REM,REM,REM,REM,REM,REM
SC402,SC4021,1513,45390.0,REM,REM,REM,REM,REM,N1,REM,REM,REM,REM,REM,Wake,Wake,REM,REM,N1,N1,REM,REM
SC402,SC4021,1514,45420.0,REM,REM,REM,REM,REM,REM,REM,REM,REM,REM,REM,N2,N2,REM,REM,N1,N1,REM,REM
SC402,SC4021,1515,45450.0,REM,REM,REM,REM,REM,REM,REM,REM,REM,REM,REM,REM,REM,REM,REM,REM,REM,REM,REM
SC402,SC4021,1516,45480.0,REM,REM,REM,REM,REM,N2,N2,REM,REM,REM,REM,REM,REM,REM,REM,REM,REM,REM,REM
SC402,SC4021,1517,45510.0,REM,REM,REM,REM,REM,N1,N2,REM,REM,REM,REM,N1,N1,REM,REM,N1,N1,REM,REM
SC402,SC4021,1518,45540.0,REM,REM,REM,REM,REM,N2,N2,REM,REM,N1,N1,Wake,Wake,N1,REM,N1,N1,REM,REM
SC402,SC4021,1519,45570.0,REM,REM,REM,REM,REM,N2,N2,REM,REM,N1,N1,Wake,Wake,REM,REM,REM,REM,REM,REM
SC402,SC4021,1520,45600.0,REM,REM,REM,REM,REM,Wake,Wake,REM,REM,REM,REM,REM,REM,REM,REM,REM,REM,REM,REM
SC402,SC4021,1521,45630.0,REM,REM,REM,REM,REM,Wake,Wake,REM,REM,REM,REM,REM,REM,REM,REM,REM,REM,REM,REM
SC402,SC4021,1522,45660.0,REM,REM,REM,REM,REM,N2,Wake,N2,N2,REM,REM,N2,N2,N2,N2,REM,REM,REM,REM
SC402,SC4021,1523,45690.0,REM,REM,REM,REM,REM,Wake,N2,Wake,Wake,REM,REM,N2,N2,N2,N2,REM,REM,REM,REM
SC402,SC4021,1524,45720.0,REM,REM,REM,REM,REM,N2,N2,Wake,Wake,REM,REM,REM,N2,REM,REM,REM,REM,REM,REM
SC402,SC4021,1525,45750.0,REM,REM,REM,REM,REM,N2,N2,N2,N2,REM,REM,N2,REM,REM,REM,REM,REM,REM,REM
SC402,SC4021,1526,45780.0,REM,REM,REM,REM,REM,N2,N2,N2,N2,REM,REM,REM,REM,REM,REM,REM,REM,REM,REM
SC402,SC4021,1527,45810.0,REM,REM,REM,REM,REM,N2,N2,Wake,Wake,REM,REM,REM,REM,REM,REM,REM,REM,REM,REM
SC402,SC4021,1528,45840.0,REM,REM,REM,REM,REM,Wake,Wake,Wake,Wake,REM,REM,Wake,Wake,REM,REM,REM,REM,REM,REM
SC402,SC4021,1529,45870.0,REM,REM,REM,REM,REM,N1,N1,N1,N1,REM,REM,Wake,Wake,REM,REM,REM,REM,REM,REM
SC402,SC4021,1530,45900.0,REM,REM,REM,N1,REM,REM,REM,N1,N1,N1,REM,Wake,Wake,Wake,Wake,N1,N1,REM,REM
SC402,SC4021,1531,45930.0,REM,REM,REM,REM,REM,N2,N2,REM,REM,REM,REM,Wake,Wake,N1,N1,Wake,Wake,REM,REM
SC402,SC4021,1532,45960.0,REM,REM,REM,REM,REM,N2,N2,N2,N2,REM,REM,Wake,Wake,REM,REM,Wake,Wake,REM,REM
SC402,SC4021,1533,45990.0,REM,REM,REM,REM,REM,N2,N2,N2,N2,REM,REM,Wake,Wake,REM,REM,N1,Wake,REM,REM
SC402,SC4021,1534,46020.0,REM,REM,REM,REM,REM,N2,N2,N2,N2,REM,REM,Wake,Wake,REM,REM,Wake,N1,REM,REM
SC402,SC4021,1535,46050.0,REM,REM,REM,REM,REM,N2,N2,N2,N2,REM,REM,Wake,Wake,N1,N1,N1,N1,REM,REM
SC402,SC4021,1536,46080.0,REM,REM,REM,REM,REM,N2,N2,N2,N2,REM,REM,Wake,Wake,N1,N1,N1,N1,REM,REM
SC402,SC4021,1537,46110.0,REM,REM,REM,REM,REM,Wake,Wake,N2,N2,REM,REM,N2,N2,REM,REM,REM,REM,REM,REM
SC402,SC4021,1538,46140.0,REM,REM,REM,REM,REM,N3,N3,N2,N2,REM,REM,REM,N2,REM,REM,REM,REM,REM,REM
SC402,SC4021,1539,46170.0,REM,REM,REM,REM,REM,N3,N3,Wake,N2,REM,REM,N2,N2,REM,REM,REM,REM,REM,REM
SC402,SC4021,1540,46200.0,REM,REM,REM,REM,REM,N3,N3,N2,Wake,REM,REM,N2,N2,REM,REM,REM,REM,REM,REM
SC402,SC4021,1541,46230.0,REM,REM,REM,REM,REM,Wake,Wake,Wake,Wake,Wake,Wake,N2,N2,REM,REM,REM,REM,REM,REM
SC402,SC4021,1542,46260.0,REM,REM,REM,Wake,Wake,Wake,Wake,Wake,Wake,Wake,Wake,Wake,Wake,REM,REM,REM,REM,N1,N1
SC402,SC4021,1543,46290.0,N1,Wake,Wake,Wake,Wake,Wake,Wake,Wake,Wake,Wake,Wake,Wake,Wake,Wake,Wake,N1,N1,Wake,N1
SC402,SC4021,1544,46320.0,N1,N1,N1,N1,N1,Wake,Wake,Wake,Wake,Wake,Wake,Wake,Wake,Wake,Wake,Wake,N1,N1,N1
SC402,SC4021,1545,46350.0,N1,N1,N1,N1,N1,N2,N2,N2,N2,N1,N1,N1,N1,REM,REM,N1,N1,N1,N1
SC402,SC4021,1546,46380.0,N2,REM,REM,REM,REM,N2,N2,N2,N2,N2,N2,REM,REM,REM,REM,REM,REM,N2,N2
SC402,SC4021,1547,46410.0,N2,REM,REM,REM,REM,N2,N2,N2,N2,REM,N2,REM,REM,REM,REM,REM,REM,REM,REM
SC402,SC4021,1548,46440.0,N2,REM,REM,REM,REM,N2,N2,N2,N2,N2,REM,N1,N1,REM,REM,N1,N1,REM,REM
SC402,SC4021,1549,46470.0,N2,REM,REM,REM,REM,N2,N2,N2,N2,REM,REM,N1,N1,N1,N1,N1,N1,REM,REM
SC402,SC4021,1550,46500.0,N2,REM,REM,REM,REM,N2,N2,N2,N2,REM,REM,N2,N1,N1,N1,N1,N1,REM,REM
SC402,SC4021,1551,46530.0,N2,REM,REM,REM,REM,N2,N2,N2,N2,N2,N2,N1,N1,N2,N2,N1,N1,REM,REM
SC402,SC4021,1552,46560.0,N2,REM,REM,REM,REM,N2,N2,N2,N2,N2,N2,N1,N1,REM,REM,N1,N1,REM,REM
SC402,SC4021,1553,46590.0,N2,REM,REM,REM,REM,N2,N2,N2,N2,N2,N2,N2,N2,N1,N1,REM,REM,REM,REM
SC402,SC4021,1554,46620.0,N2,REM,REM,REM,REM,N2,N2,N2,N2,N2,N2,REM,N2,N2,N2,REM,REM,N2,N2
SC402,SC4021,1555,46650.0,N2,N2,N2,N2,N2,N2,N2,N2,N2,N2,N2,N2,N2,N2,N2,N2,N2,N2,N2
SC402,SC4021,1556,46680.0,N2,N2,N2,N2,N2,N2,N2,N2,N2,N2,N2,N2,N2,N2,N2,N2,N2,N2,N2
SC402,SC4021,1557,46710.0,N2,N2,N2,N2,N2,N1,N2,N2,N2,N2,N2,N2,N2,N2,N2,N2,N2,REM,REM
SC402,SC4021,1558,46740.0,N2,N2,N2,N2,N2,N2,N2,N2,N2,N2,N2,N2,N2,N2,N2,N2,N2,REM,REM
SC402,SC4021,1559,46770.0,N2,N2,N2,N2,N2,N2,N2,N2,N2,N2,N2,N2,N2,REM,N2,REM,REM,N2,N2
SC402,SC4021,1560,46800.0,N2,N2,N2,N2,N2,Wake,Wake,N2,N2,N2,N2,N2,N2,N2,N2,REM,REM,N2,N2
SC402,SC4021,1561,46830.0,N1,Wake,Wake,Wake,Wake,Wake,Wake,Wake,N2,Wake,N2,Wake,N2,Wake,N2,N1,N1,REM,REM
SC402,SC4021,1562,46860.0,N1,N1,N1,N1,N1,N2,N2,N2,N2,N2,N2,N2,N2,N2,N2,N2,N1,N1,N1
SC402,SC4021,1563,46890.0,N2,N2,N2,N2,N2,N2,N2,N2,N2,N2,N2,N2,N2,N2,N2,N1,N2,N2,N2
SC402,SC4021,1564,46920.0,N2,N2,N2,N2,N2,N2,N2,N2,N2,N2,N2,N2,N2,N2,N2,N2,N1,N2,N2
SC402,SC4021,1565,46950.0,N2,REM,N2,N1,N2,N2,N2,N1,N2,N2,N2,N2,N2,N2,N2,N1,N2,N1,N2
SC402,SC4021,1566,46980.0,N2,N2,N2,N2,N2,N2,N2,N2,N2,N2,N2,N2,N2,N2,N2,N2,N2,N2,N2
SC402,SC4021,1567,47010.0,N2,N2,N2,N2,N2,N2,N2,N2,N2,N2,N2,N2,N2,N2,N2,N2,N2,N2,N2
SC402,SC4021,1568,47040.0,N2,N2,N2,N2,N2,Wake,Wake,Wake,Wake,Wake,Wake,N2,N2,N2,N2,N2,N2,N2,N2
SC402,SC4021,1569,47070.0,N2,N2,N2,N2,N2,Wake,Wake,Wake,Wake,Wake,Wake,N2,N2,N2,N2,REM,REM,N2,N2
SC402,SC4021,1570,47100.0,N2,REM,N2,REM,N2,N2,N2,Wake,Wake,N2,N2,REM,N2,REM,N2,REM,REM,REM,N2
SC402,SC4021,1571,47130.0,N2,N2,N2,N2,N2,N2,N2,N2,N2,N2,N2,N2,N2,N2,N2,N2,N2,N2,N2
SC402,SC4021,1572,47160.0,N2,N2,N2,N2,N2,N2,N2,N2,N2,N2,N2,N2,N2,N2,N2,N2,N2,N2,N2
SC402,SC4021,1573,47190.0,N2,N2,N2,N2,N2,N2,N2,N2,N2,N2,N2,N2,N2,N2,N2,N2,N2,N2,N2
SC402,SC4021,1574,47220.0,N2,N2,N2,N2,N2,N2,N2,N2,N2,N2,N2,N2,N2,N2,N2,N2,N2,N2,N2
SC402,SC4021,1575,47250.0,N2,N2,N2,N2,N2,N2,N2,Wake,Wake,N2,N2,N2,N2,N2,N2,N2,N2,N2,N2
SC402,SC4021,1576,47280.0,N2,N2,N2,N2,N2,N2,N2,Wake,Wake,N3,N2,N2,N2,N2,N2,N2,N2,N2,N2
SC402,SC4021,1577,47310.0,N2,N2,N2,N2,N2,N2,N2,Wake,Wake,N2,N2,N2,N2,N2,N2,N2,N2,N2,N2
SC402,SC4021,1578,47340.0,N2,N2,N2,N2,N2,N2,N2,N2,N2,N2,N2,N2,N2,N2,N2,N2,N2,N2,N2
SC402,SC4021,1579,47370.0,N2,N2,N2,N2,N2,N2,N2,N2,N2,N2,N2,N2,N2,N2,N2,N2,N2,N2,N2
SC402,SC4021,1580,47400.0,N2,N2,N2,N2,N2,N1,N1,N2,N2,N2,N2,N2,N2,N2,N2,N2,N2,N2,N2
SC402,SC4021,1581,47430.0,N2,N2,N2,N2,N2,Wake,Wake,Wake,Wake,Wake,Wake,N2,N2,N2,N2,N2,N2,N2,N2
SC402,SC4021,1582,47460.0,N2,Wake,Wake,Wake,Wake,Wake,Wake,Wake,Wake,Wake,Wake,N2,N2,N2,N2,N2,N2,Wake,Wake
SC402,SC4021,1583,47490.0,Wake,Wake,Wake,Wake,Wake,Wake,Wake,Wake,Wake,Wake,Wake,N3,N3,Wake,Wake,N2,N2,Wake,Wake
SC402,SC4021,1584,47520.0,Wake,Wake,Wake,Wake,Wake,Wake,Wake,Wake,Wake,Wake,Wake,Wake,Wake,Wake,Wake,Wake,N2,Wake,Wake
SC402,SC4021,1585,47550.0,N1,N1,Wake,N1,Wake,N1,N1,N1,N1,Wake,Wake,Wake,Wake,Wake,Wake,N2,Wake,N1,N1
SC402,SC4021,1586,47580.0,N1,Wake,N1,Wake,N1,N1,N1,N1,N1,Wake,Wake,Wake,Wake,Wake,Wake,Wake,Wake,N1,N1
SC402,SC4021,1587,47610.0,N1,N1,N1,N1,N1,REM,REM,N1,N1,N1,N1,Wake,Wake,N1,N1,Wake,Wake,N1,N1
SC402,SC4021,1588,47640.0,N1,N1,N1,N1,N1,REM,REM,N1,N1,N1,N1,N1,N1,N1,N1,N1,N1,N1,N1
SC402,SC4021,1589,47670.0,N2,N2,N2,N2,N2,REM,REM,REM,REM,N2,N2,N2,N2,N2,N2,N1,N1,REM,REM
SC402,SC4021,1590,47700.0,N2,N2,N2,N2,N2,N2,N2,N2,N2,N2,N2,N2,N2,N2,N2,N2,N2,N2,N2
SC402,SC4021,1591,47730.0,N2,N2,N2,N2,N2,N2,N2,N2,N2,N2,N2,N2,N2,N2,N2,N2,N2,N2,N2
SC402,SC4021,1592,47760.0,N2,N2,N2,N2,N2,N2,N2,N2,N2,N2,N2,N2,N2,N2,N2,N2,N2,N2,N2
SC402,SC4021,1593,47790.0,N2,N2,N2,N2,N2,N2,N2,N2,N2,N2,N2,N2,N2,N2,N2,N2,N2,N2,N2
SC402,SC4021,1594,47820.0,N2,N2,N2,N2,N2,N2,N2,N2,N2,N2,N2,N2,N2,N2,N2,N2,N2,N2,N2
SC402,SC4021,1595,47850.0,N2,N2,N2,N2,N2,N2,N2,N2,N2,N2,N2,N2,N2,N2,N2,N2,N2,N2,N2
SC402,SC4021,1596,47880.0,N2,N2,N2,N2,N2,N2,N2,N2,N2,N2,N2,N2,N2,N2,N2,N2,N2,N2,N2
SC402,SC4021,1597,47910.0,N2,N2,N2,N2,N2,N2,N2,N2,N2,N2,N2,N2,N2,N2,N2,N2,N2,N2,N2
SC402,SC4021,1598,47940.0,N2,N2,N2,N2,N2,N2,N2,N2,N2,N2,N2,N2,N2,N2,N2,N2,N2,N2,N2
SC402,SC4021,1599,47970.0,N2,N2,N2,N2,N2,N2,N2,N2,N2,N2,N2,N2,N2,N2,N2,N2,N2,N2,N2
SC402,SC4021,1600,48000.0,N2,N2,N2,N2,N2,Wake,Wake,N2,N2,N2,N2,N2,N2,N2,N2,N2,N2,N2,N2
SC402,SC4021,1601,48030.0,N1,Wake,Wake,Wake,Wake,Wake,Wake,N1,N1,Wake,Wake,Wake,Wake,Wake,Wake,N2,N2,N1,N1
SC402,SC4021,1602,48060.0,N1,N1,N1,N1,N1,N1,N1,N1,N1,N1,N1,Wake,Wake,Wake,Wake,Wake,Wake,N1,N1
SC402,SC4021,1603,48090.0,N2,N1,N1,N1,N1,REM,REM,N2,N2,N2,N2,N1,N1,N1,N1,N1,N1,N1,N1
SC402,SC4021,1604,48120.0,N2,N2,N2,N2,N2,N2,N2,N2,N2,N2,N2,N2,N2,N2,N2,N2,N2,N2,N2
SC402,SC4021,1605,48150.0,N2,N2,N2,N2,N2,N2,N2,N2,N2,N2,N2,N2,N2,N2,N2,N2,N2,N2,N2
SC402,SC4021,1606,48180.0,N2,N2,N2,N2,N2,N3,N2,N3,N2,N2,N2,N2,N2,N2,N2,N2,N2,N2,N2
SC402,SC4021,1607,48210.0,N2,N2,N2,N2,N2,N2,N2,N2,N2,N2,N2,N2,N2,N2,N2,N2,N2,N2,N2
SC402,SC4021,1608,48240.0,N2,N2,N2,N2,N2,N2,N2,N2,N2,N2,N2,N2,N2,N2,N2,N2,N2,N2,N2
SC402,SC4021,1609,48270.0,N2,N2,N2,N2,N2,N2,N2,N2,N2,N2,N2,N2,N2,N2,N2,N2,N2,N2,N2
SC402,SC4021,1610,48300.0,N2,N2,N2,N2,N2,N2,N2,N2,N2,N2,N2,N2,N2,N2,N2,N2,N2,N2,N2
SC402,SC4021,1611,48330.0,N2,N2,N2,N2,N2,N2,N2,N2,N2,N2,N2,N2,N2,N2,N2,N2,N2,N2,N2
SC402,SC4021,1612,48360.0,N2,N2,N2,N2,N2,N2,N2,N2,N2,N2,N2,N2,N2,N2,N2,N2,N2,N2,N2
SC402,SC4021,1613,48390.0,N2,N2,N2,N2,N2,N1,N1,N2,N2,N2,N2,N2,N2,N2,N2,N2,N2,N2,N2
SC402,SC4021,1614,48420.0,N2,N2,N2,N2,N2,Wake,Wake,N2,N2,N2,N2,N2,N2,N2,N2,N2,N2,N2,N2
SC402,SC4021,1615,48450.0,N2,N2,N2,N2,N2,Wake,Wake,Wake,Wake,N2,N2,N2,N2,N2,N2,N2,N2,N2,N2
SC402,SC4021,1616,48480.0,N1,N1,N1,N1,N1,Wake,Wake,Wake,Wake,Wake,Wake,N2,N2,N2,N2,N2,N2,N1,N1
SC402,SC4021,1617,48510.0,N1,Wake,N1,Wake,N1,Wake,Wake,Wake,Wake,Wake,Wake,Wake,Wake,Wake,Wake,Wake,Wake,N1,N1
SC402,SC4021,1618,48540.0,N1,N1,N1,N1,N1,N1,Wake,N1,Wake,N1,N1,Wake,Wake,N1,N1,Wake,Wake,N1,N1
SC402,SC4021,1619,48570.0,N2,N1,N1,N1,N1,Wake,Wake,Wake,Wake,N1,N1,N1,N1,N2,N2,N1,N1,REM,REM
SC402,SC4021,1620,48600.0,N2,REM,REM,REM,REM,REM,REM,REM,REM,REM,REM,REM,REM,REM,REM,REM,REM,N2,N2
SC402,SC4021,1621,48630.0,N2,N2,N2,N2,N2,N2,N2,N2,N2,REM,REM,N2,N2,REM,REM,REM,REM,N2,N2
SC402,SC4021,1622,48660.0,N2,N2,N2,N2,N2,N3,N2,N2,N2,N2,N2,N2,N2,N2,N2,REM,REM,N2,N2
SC402,SC4021,1623,48690.0,N2,N2,N2,N2,N2,N2,N2,N2,N2,N2,N2,N2,N2,N2,N2,N2,N2,N2,N2
SC402,SC4021,1624,48720.0,N2,N2,N2,N2,N2,N2,N2,N2,N2,N2,N2,N2,N2,N2,N2,N2,N2,N2,N2
SC402,SC4021,1625,48750.0,N2,N1,N1,N1,N1,N2,N2,N1,N1,N1,N1,N2,N2,N2,N2,N1,N1,REM,REM
SC402,SC4021,1626,48780.0,N2,REM,REM,REM,REM,N2,N2,REM,REM,REM,REM,N1,N1,REM,REM,N1,N1,REM,REM
SC402,SC4021,1627,48810.0,N2,REM,REM,REM,REM,Wake,Wake,REM,REM,REM,REM,N1,N1,REM,REM,REM,REM,REM,REM
SC402,SC4021,1628,48840.0,N2,REM,REM,REM,REM,Wake,Wake,Wake,Wake,REM,REM,N2,N2,N2,N2,N2,N2,N2,N2
SC402,SC4021,1629,48870.0,N1,Wake,Wake,Wake,Wake,Wake,Wake,N3,Wake,Wake,Wake,N2,N2,N2,N2,N2,N2,Wake,Wake
SC402,SC4021,1630,48900.0,N1,Wake,Wake,Wake,Wake,N1,N1,Wake,Wake,Wake,Wake,N1,N1,N1,N1,N1,N1,Wake,Wake
SC402,SC4021,1631,48930.0,N1,Wake,Wake,Wake,Wake,N1,N1,N1,N1,Wake,Wake,Wake,Wake,Wake,N1,Wake,Wake,N1,N1
SC402,SC4021,1632,48960.0,N1,Wake,Wake,Wake,Wake,N1,N1,N1,N1,N1,Wake,Wake,Wake,N1,Wake,Wake,Wake,N1,N1
SC402,SC4021,1633,48990.0,N1,Wake,Wake,Wake,Wake,N1,N1,N1,N1,Wake,Wake,Wake,Wake,Wake,Wake,Wake,Wake,N1,N1
SC402,SC4021,1634,49020.0,Wake,Wake,Wake,Wake,Wake,Wake,Wake,Wake,Wake,Wake,Wake,Wake,Wake,Wake,Wake,Wake,Wake,Wake,Wake
SC402,SC4021,1635,49050.0,Wake,Wake,Wake,Wake,Wake,Wake,Wake,Wake,Wake,Wake,Wake,Wake,Wake,Wake,Wake,Wake,Wake,Wake,Wake
SC402,SC4021,1636,49080.0,Wake,Wake,Wake,Wake,Wake,Wake,Wake,Wake,Wake,Wake,Wake,Wake,Wake,Wake,Wake,Wake,Wake,Wake,Wake
SC402,SC4021,1637,49110.0,Wake,Wake,Wake,Wake,Wake,N2,N2,Wake,Wake,Wake,Wake,Wake,Wake,Wake,Wake,Wake,Wake,Wake,Wake
SC402,SC4021,1638,49140.0,Wake,Wake,Wake,Wake,Wake,N2,N2,Wake,Wake,Wake,Wake,Wake,Wake,Wake,Wake,REM,REM,Wake,Wake
SC402,SC4021,1639,49170.0,Wake,Wake,Wake,Wake,Wake,N2,N2,Wake,Wake,Wake,Wake,N2,N2,N2,N2,REM,REM,REM,REM
SC402,SC4021,1640,49200.0,Wake,Wake,Wake,Wake,Wake,N2,N2,N2,N2,Wake,Wake,N2,N2,N2,N2,REM,REM,N2,REM
SC402,SC4021,1641,49230.0,Wake,Wake,Wake,Wake,Wake,N2,N2,N2,N2,Wake,Wake,REM,N2,N2,N2,N2,N2,REM,REM
SC402,SC4021,1642,49260.0,Wake,Wake,Wake,Wake,Wake,N2,N2,N2,N2,Wake,Wake,N2,N2,N2,N2,N2,N2,Wake,Wake
SC402,SC4021,1643,49290.0,Wake,Wake,Wake,Wake,Wake,N2,N2,Wake,Wake,Wake,Wake,Wake,Wake,Wake,Wake,Wake,Wake,Wake,Wake
SC402,SC4021,1644,49320.0,Wake,Wake,Wake,Wake,Wake,N2,N2,Wake,Wake,Wake,Wake,Wake,Wake,Wake,Wake,Wake,Wake,Wake,Wake
SC402,SC4021,1645,49350.0,Wake,Wake,Wake,Wake,Wake,N2,N2,N2,N2,Wake,Wake,Wake,Wake,Wake,Wake,N2,N2,Wake,Wake
SC402,SC4021,1646,49380.0,Wake,Wake,Wake,Wake,Wake,N3,N3,N3,N3,Wake,Wake,N3,N3,Wake,Wake,N3,N3,Wake,Wake
SC402,SC4021,1647,49410.0,Wake,Wake,Wake,Wake,Wake,N3,N3,N3,N3,Wake,Wake,N3,N3,Wake,Wake,N3,N3,Wake,Wake
SC402,SC4021,1648,49440.0,Wake,Wake,Wake,Wake,Wake,N2,N2,N3,N3,Wake,Wake,Wake,Wake,Wake,Wake,N3,N3,Wake,Wake
SC402,SC4021,1649,49470.0,Wake,Wake,Wake,Wake,Wake,N2,N2,N2,N3,Wake,Wake,Wake,Wake,Wake,Wake,N2,N3,Wake,Wake
SC402,SC4021,1650,49500.0,Wake,Wake,Wake,Wake,Wake,N2,N2,N3,N2,Wake,Wake,Wake,Wake,Wake,Wake,N3,N2,Wake,Wake
SC402,SC4021,1651,49530.0,Wake,Wake,Wake,Wake,Wake,N2,N2,N2,N2,Wake,Wake,Wake,Wake,Wake,Wake,N2,N2,Wake,Wake
SC402,SC4021,1652,49560.0,Wake,Wake,Wake,Wake,Wake,N1,N2,N1,N2,Wake,Wake,Wake,Wake,Wake,Wake,N2,N2,Wake,Wake
SC402,SC4021,1653,49590.0,Wake,Wake,Wake,Wake,Wake,N2,N1,N2,N2,Wake,Wake,N2,N2,N2,N2,N2,N2,Wake,Wake
SC402,SC4021,1654,49620.0,Wake,Wake,Wake,Wake,Wake,N1,N2,N2,N2,Wake,Wake,N2,N2,N2,N2,N2,N2,Wake,Wake
SC402,SC4021,1655,49650.0,Wake,Wake,Wake,Wake,Wake,N2,N2,N2,N2,Wake,Wake,N2,N2,N2,N2,N2,N2,Wake,Wake
SC402,SC4021,1656,49680.0,Wake,Wake,Wake,Wake,Wake,N2,N2,N2,N2,N2,Wake,N2,N2,N2,N2,N2,N2,N2,N2
SC402,SC4021,1657,49710.0,Wake,Wake,Wake,Wake,Wake,N2,N2,N2,N2,Wake,Wake,N2,N2,N2,N2,N2,N2,N2,N2
SC402,SC4021,1658,49740.0,Wake,REM,Wake,Wake,Wake,REM,REM,REM,N2,Wake,Wake,REM,REM,N2,N2,REM,N2,REM,REM
SC402,SC4021,1659,49770.0,Wake,Wake,REM,Wake,Wake,REM,REM,N2,REM,Wake,Wake,REM,REM,N2,N2,N2,N2,REM,REM
SC402,SC4021,1660,49800.0,Wake,REM,Wake,REM,Wake,N2,N2,REM,N2,N1,N1,REM,REM,REM,N2,N2,N2,REM,REM
SC402,SC4021,1661,49830.0,Wake,Wake,Wake,Wake,Wake,N2,N2,N2,N2,N2,N1,N2,N2,N2,N2,N2,N2,Wake,Wake
SC402,SC4021,1662,49860.0,Wake,N1,Wake,N1,Wake,N1,N2,Wake,Wake,N1,N1,N1,N1,N2,N2,REM,REM,N1,Wake
SC402,SC4021,1663,49890.0,Wake,Wake,Wake,Wake,Wake,N2,N2,N1,N1,Wake,Wake,N1,N1,N2,N2,N1,N1,Wake,Wake
SC402,SC4021,1664,49920.0,Wake,Wake,Wake,Wake,Wake,N2,N2,N2,N2,Wake,Wake,N2,N2,N2,N2,N2,N2,Wake,Wake
SC402,SC4021,1665,49950.0,Wake,Wake,Wake,Wake,Wake,N3,N3,N2,N2,Wake,Wake,Wake,Wake,Wake,Wake,N2,N2,Wake,Wake
SC402,SC4021,1666,49980.0,Wake,Wake,Wake,Wake,Wake,Wake,Wake,Wake,Wake,Wake,Wake,Wake,Wake,Wake,Wake,Wake,Wake,Wake,Wake
SC402,SC4021,1667,50010.0,Wake,Wake,Wake,Wake,Wake,Wake,Wake,Wake,Wake,Wake,Wake,Wake,Wake,Wake,Wake,Wake,Wake,N1,Wake
SC402,SC4021,1668,50040.0,Wake,Wake,Wake,Wake,Wake,N2,N2,N2,N2,N2,N2,N2,Wake,Wake,Wake,N2,N2,Wake,N1
SC402,SC4021,1669,50070.0,Wake,N1,Wake,Wake,Wake,N2,N2,N1,N2,N1,N2,Wake,Wake,N1,N1,N1,N1,N1,N1
SC402,SC4021,1670,50100.0,Wake,Wake,Wake,Wake,Wake,N2,N2,N2,N2,N2,N2,REM,REM,N1,N1,REM,REM,REM,REM
SC402,SC4021,1671,50130.0,Wake,Wake,Wake,Wake,Wake,REM,REM,REM,REM,REM,REM,REM,REM,REM,REM,REM,REM,REM,REM
SC402,SC4021,1672,50160.0,Wake,Wake,Wake,N1,N1,REM,REM,REM,REM,N1,N1,Wake,Wake,REM,REM,REM,REM,N1,N1
SC402,SC4021,1673,50190.0,Wake,N1,Wake,N1,N1,N2,N2,N2,N2,N2,N2,N1,N1,N1,REM,N1,REM,N1,N1
SC402,SC4021,1674,50220.0,Wake,Wake,N1,Wake,Wake,N2,N2,N2,N2,N2,N2,REM,REM,REM,REM,REM,REM,REM,REM
SC402,SC4021,1675,50250.0,Wake,N1,N1,Wake,Wake,N2,N2,N2,N2,N2,N2,REM,REM,N2,REM,REM,REM,Wake,Wake
SC402,SC4021,1676,50280.0,Wake,N1,N1,N1,N1,N2,N2,N2,N2,N1,N1,Wake,Wake,REM,REM,REM,REM,N1,N1
SC402,SC4021,1677,50310.0,Wake,N1,N1,N1,N1,N2,N2,REM,N2,N1,N1,Wake,Wake,N1,N1,N1,N1,N1,N1
SC402,SC4021,1678,50340.0,Wake,N1,N1,N1,N1,N2,N2,N2,N2,N1,N1,N1,N1,N1,N1,N1,N1,N1,N1
SC402,SC4021,1679,50370.0,Wake,Wake,N1,Wake,N1,N2,N2,N2,N2,N2,N2,N1,N1,REM,REM,N1,N1,N1,N1
SC402,SC4021,1680,50400.0,Wake,N1,Wake,N1,Wake,N2,N2,N2,N2,N2,N2,N1,N1,REM,REM,REM,REM,N1,N1
SC402,SC4021,1681,50430.0,Wake,Wake,Wake,Wake,Wake,Wake,N2,N2,N2,N2,N2,N1,N1,N1,N1,REM,REM,Wake,N1
SC402,SC4021,1682,50460.0,Wake,Wake,Wake,Wake,Wake,N2,N2,N2,N2,N2,N2,Wake,N1,N2,N2,REM,REM,N1,Wake
SC402,SC4021,1683,50490.0,Wake,Wake,Wake,Wake,Wake,N2,N2,N2,N2,N2,N2,N1,N1,N2,N2,REM,REM,Wake,N1
SC402,SC4021,1684,50520.0,Wake,N1,Wake,N1,Wake,N2,N2,N2,N2,N2,N2,N1,N1,N2,N2,N1,N1,N1,N1
SC402,SC4021,1685,50550.0,Wake,Wake,N1,Wake,Wake,N3,N2,N2,N2,N2,N2,Wake,Wake,N2,N2,N2,N2,N2,N2
SC402,SC4021,1686,50580.0,Wake,N1,N1,Wake,Wake,N2,N2,N2,N2,N2,N2,N2,Wake,N2,N2,N2,N2,N2,N2
SC402,SC4021,1687,50610.0,Wake,N1,N1,N1,Wake,N2,N2,N2,N2,N2,N2,Wake,N2,N2,N2,REM,REM,REM,N2
SC402,SC4021,1688,50640.0,Wake,Wake,Wake,Wake,Wake,N2,N2,N2,N2,N2,N2,N2,N2,N2,N2,REM,REM,N2,N2
SC402,SC4021,1689,50670.0,Wake,Wake,Wake,Wake,Wake,Wake,Wake,Wake,N2,REM,N2,REM,REM,Wake,N2,REM,REM,Wake,Wake
SC402,SC4021,1690,50700.0,Wake,Wake,Wake,Wake,Wake,Wake,Wake,N2,N2,N2,N2,REM,REM,N2,N2,REM,REM,Wake,Wake
SC402,SC4021,1691,50730.0,Wake,Wake,Wake,Wake,Wake,N2,N2,N2,N2,N2,N2,REM,REM,N2,N2,N2,REM,Wake,Wake
SC402,SC4021,1692,50760.0,Wake,N1,N1,N1,N1,N1,N1,N2,N2,N2,N2,N1,N1,REM,N2,REM,REM,REM,REM
SC402,SC4021,1693,50790.0,Wake,N1,N1,N1,N1,Wake,Wake,N2,N2,N2,N2,N1,N1,N2,N2,REM,REM,N1,N1
