target_stage,comparison_stage,feature,n1_count,comparison_count,n1_mean,comparison_mean,cohens_d,abs_cohens_d,symmetric_auc,overlap_coefficient,discriminability_score,pair_rank
N1,Wake,prev2_delta,683,1350,0.7029421526609404,0.783521135334305,-0.46715955074483917,0.46715955074483917,0.6767149286915026,0.6174090342172334,0.3233070544597818,24
N1,Wake,prev2_theta,683,1350,0.13254381429060577,0.09630161525463835,0.47139054953520076,0.47139054953520076,0.6795325633100158,0.6582191855105471,0.31859730863818647,26
N1,Wake,prev2_alpha,683,1350,0.06370437473753501,0.05590742561534539,0.0945760723966005,0.0945760723966005,0.6745599479420855,0.6126348896480668,0.26621938087196223,34
N1,Wake,prev2_sigma,683,1350,0.02413932257373292,0.012675949827217599,0.6608505311419036,0.6608505311419036,0.7364557236592375,0.6244628816224717,0.4106907270060287,12
N1,Wake,prev2_beta,683,1350,0.051497973141778716,0.03212628363639629,0.49924737338702896,0.49924737338702896,0.6612927715416735,0.7461536793015563,0.28694914168941665,30
N1,Wake,prev2_rms,683,1350,1.1947326728687553e-05,2.249011853390183e-05,-0.989807458327697,0.989807458327697,0.790401822027005,0.5640236429694702,0.5260682121822655,7
N1,Wake,prev2_std,683,1350,1.1921975938044888e-05,2.2469032410383708e-05,-0.9896266477227437,0.9896266477227437,0.790260831842091,0.5633002548668726,0.526044778027128,8
N1,Wake,prev2_peak_to_peak,683,1350,9.709424055688591e-05,0.00016728609777050344,-1.0143249505396104,1.0143249505396104,0.7816935090287945,0.5816159644270917,0.5175190587243178,9
N1,Wake,prev2_zero_crossing_rate,683,1350,0.1308565153733528,0.12197999999999996,0.16412596689308145,0.16412596689308145,0.5624743777452416,0.7991160999945773,0.12727005278028833,42
N1,Wake,prev2_spectral_entropy,683,1350,4.42912327700003,3.9881295934765784,0.5213073838464896,0.5213073838464896,0.6592288921425085,0.6912054660810151,0.29918390650327886,28
N1,Wake,prev2_dominant_frequency,683,1350,0.7562225475841874,0.8122222222222222,-0.04335837227974013,0.04335837227974013,0.5073222710265171,0.963315438425248,0.021162939183428472,45
N1,Wake,prev2_sef90,683,1350,9.037335285505124,6.211111111111111,0.6047316648297143,0.6047316648297143,0.6778466460604089,0.642866438913291,0.3399831080022078,21
N1,Wake,prev2_delta_theta_ratio,683,1350,9.692593940091598,14.845487001599635,-0.392818833661761,0.392818833661761,0.6733018816766987,0.6692316034922184,0.29837838602751915,29
N1,Wake,prev2_alpha_theta_ratio,683,1350,0.5013917012787408,0.49643238913286325,0.009010580460550395,0.009010580460550395,0.6177040290656689,0.6758407895450356,0.18388745822574437,38
N1,Wake,prev2_sigma_theta_ratio,683,1350,0.21170314287130781,0.13780095388859137,0.4936511225597473,0.4936511225597473,0.6615573992733582,0.7714375576161814,0.28131755613408405,32
N1,Wake,prev1_delta,683,1350,0.6996439727412131,0.7817221546834794,-0.4700624378089764,0.4700624378089764,0.6866167778320048,0.5605975814760589,0.3450066272081395,20
N1,Wake,prev1_theta,683,1350,0.13501198268304188,0.094435264575748,0.5218851771770222,0.5218851771770222,0.6988037525079984,0.6218307033241147,0.35272038841972886,19
N1,Wake,prev1_alpha,683,1350,0.06275833311991484,0.0584029251055967,0.052447351631958135,0.052447351631958135,0.685237243099615,0.5524147280516241,0.2826214002340839,31
N1,Wake,prev1_sigma,683,1350,0.022110333523690545,0.01224399554229421,0.6764138791495452,0.6764138791495452,0.7445821810097066,0.6004349004934657,0.42595728278344525,11
N1,Wake,prev1_beta,683,1350,0.05453917017028089,0.03408785641652583,0.5122707939767471,0.5122707939767471,0.6846526761021636,0.6977853695569655,0.3219362212872826,25
N1,Wake,prev1_rms,683,1350,1.130990477654145e-05,2.2800598445012887e-05,-1.0961981980476856,1.0961981980476856,0.8182636516457893,0.5113844151618676,0.5804164983205686,5
N1,Wake,prev1_std,683,1350,1.1285216251674744e-05,2.27795091597681e-05,-1.0959006747410813,1.0959006747410813,0.8181280841602949,0.5099376389566727,0.5805256575801226,4
N1,Wake,prev1_peak_to_peak,683,1350,9.193555795106162e-05,0.0001700005831863212,-1.1422936356869065,1.1422936356869065,0.8090819369882327,0.5169860636624912,0.5770287696087704,6
N1,Wake,prev1_zero_crossing_rate,683,1350,0.13401464128843335,0.12308790123456786,0.20229820760594988,0.20229820760594988,0.5747182907651428,0.768577625942194,0.15134749671759648,40
N1,Wake,prev1_spectral_entropy,683,1350,4.455931108922596,3.9617955594127947,0.5800151581363091,0.5800151581363091,0.6736445962800282,0.6764253565424869,0.3253617986919771,23
N1,Wake,prev1_dominant_frequency,683,1350,0.7163250366032211,0.8322222222222222,-0.08884697183356004,0.08884697183356004,0.5095190065614663,0.9442297055474215,0.034000111227016024,44
N1,Wake,prev1_sef90,683,1350,9.206076134699854,6.278518518518519,0.6124326391376644,0.6124326391376644,0.6894815899354699,0.5972355078358007,0.36189938423895945,17
N1,Wake,prev1_delta_theta_ratio,683,1350,9.366453000819291,15.347384695457343,-0.4459666531171527,0.4459666531171527,0.688482186432406,0.6412049238110731,0.3271361996377643,22
N1,Wake,prev1_alpha_theta_ratio,683,1350,0.4988285655050842,0.5225685034121329,-0.0427286518898337,0.0427286518898337,0.6121208177430726,0.6552909278238707,0.18747192996177353,37
N1,Wake,prev1_sigma_theta_ratio,683,1350,0.19191857826081998,0.14003773619595408,0.38753465519200037,0.38753465519200037,0.6524060517325524,0.7746998535871157,0.2555962792939293,35
N1,Wake,current_delta,683,1350,0.6991658100918544,0.7747018551676915,-0.4323182725154655,0.4323182725154655,0.6925004067024565,0.4881492326880321,0.3597183010421699,18
N1,Wake,current_theta,683,1350,0.14083593555680834,0.09593921379724721,0.574177277740167,0.574177277740167,0.7302792690201183,0.5522238490320481,0.40596109087473375,13
N1,Wake,current_alpha,683,1350,0.059295535243117696,0.061665415984483045,-0.028553149585139135,0.028553149585139135,0.6765121197332032,0.5152551380077002,0.27774406456943407,33
N1,Wake,current_sigma,683,1350,0.020610955588183228,0.01186068173098241,0.7646588883815928,0.7646588883815928,0.7522368635106554,0.5835193319234315,0.450231830383208,10
N1,Wake,current_beta,683,1350,0.05373006153657762,0.036337240531927766,0.4355472229854438,0.4355472229854438,0.6857231169676266,0.6836527303291579,0.31432465434961154,27
N1,Wake,current_rms,683,1350,1.0293088306603406e-05,2.274888357133192e-05,-1.1986446932905157,1.1986446932905157,0.8482641939157313,0.43828208882381653,0.6404044801445453,1
N1,Wake,current_std,683,1350,1.0266623593595498e-05,2.272781598544177e-05,-1.198434719145205,1.198434719145205,0.8481166964915134,0.43829944146195976,0.6402220160709022,2
N1,Wake,current_peak_to_peak,683,1350,8.411701124642787e-05,0.00016887781938222508,-1.2579770459243267,1.2579770459243267,0.8352887587441028,0.4833924407570088,0.6273068274813501,3
N1,Wake,current_zero_crossing_rate,683,1350,0.13391898487066858,0.1252533333333333,0.16150833617654312,0.16150833617654312,0.564858196410173,0.7097055474215064,0.1471433373523532,41
N1,Wake,current_spectral_entropy,683,1350,4.5440832054102405,3.9609522780755846,0.6935387544431093,0.6935387544431093,0.7010379046689442,0.6003947725177594,0.38498976333185875,14
N1,Wake,current_dominant_frequency,683,1350,0.6654465592972182,0.8596296296296296,-0.1481637707693239,0.1481637707693239,0.5109001681036821,0.9353581692966758,0.046053099859745525,43
N1,Wake,current_sef90,683,1350,9.166910688140556,6.460925925925926,0.562061855783855,0.562061855783855,0.6940475028469173,0.5445095168374817,0.3694548778469992,16
N1,Wake,current_delta_theta_ratio,683,1350,7.827261535433619,15.59633674776104,-0.5908306334738854,0.5908306334738854,0.710379046689442,0.6016040344883683,0.37868283481285114,15
N1,Wake,current_alpha_theta_ratio,683,1350,0.4564178554988908,0.5464043201558724,-0.16197999378734584,0.16197999378734584,0.5717629195813676,0.6919234314841929,0.1576752323526309,39
N1,Wake,current_sigma_theta_ratio,683,1350,0.1701519803655737,0.13539452672029886,0.319776465988439,0.319776465988439,0.632464616886286,0.7697988178515265,0.22647132321424654,36
N1,N2,prev2_delta,683,3712,0.7029421526609404,0.7824399738468651,-0.712862431143443,0.712862431143443,0.6549373327611451,0.7070417024284343,0.32045835694697467,28
N1,N2,prev2_theta,683,3712,0.13254381429060577,0.10810592871312957,0.4738681765556049,0.4738681765556049,0.6024503647700308,0.7276101094310092,0.22800856936716965,36
N1,N2,prev2_alpha,683,3712,0.06370437473753501,0.03241069749347059,0.9088069768572743,0.9088069768572743,0.6916584887918411,0.6939237075276417,0.3891947938149039,18
N1,N2,prev2_sigma,683,3712,0.02413932257373292,0.03862873014998983,-0.39379531556315445,0.39379531556315445,0.6104959736456808,0.7811577030847681,0.2133337303632003,37
N1,N2,prev2_beta,683,3712,0.051497973141778716,0.015020641816182529,1.4953831209723591,1.4953831209723591,0.8252255357954259,0.4477520573534609,0.6599825924705877,3
N1,N2,prev2_rms,683,3712,1.1947326728687553e-05,1.4774509257165281e-05,-0.5551884404727004,0.5551884404727004,0.7093842296915231,0.6010398785782805,0.3724545200467721,21
N1,N2,prev2_std,683,3712,1.1921975938044888e-05,1.475236241478096e-05,-0.5553624932658897,0.5553624932658897,0.7093238817084869,0.601461525597011,0.3723359505789682,22
N1,N2,prev2_peak_to_peak,683,3712,9.709424055688591e-05,0.00011862590608023642,-0.5396552556265172,0.5396552556265172,0.6870239214671581,0.5924081448477811,0.34949058084157947,24
N1,N2,prev2_zero_crossing_rate,683,3712,0.1308565153733528,0.09685578304597697,1.060110164327108,1.060110164327108,0.7328747806962185,0.648546757459484,0.4621819538533879,10
N1,N2,prev2_spectral_entropy,683,3712,4.42912327700003,4.3954756854931265,0.057308608061598654,0.057308608061598654,0.5561922552632907,0.7150549679406271,0.12177755288440514,45
N1,N2,prev2_dominant_frequency,683,3712,0.7562225475841874,0.7717537715517241,-0.02375114255874332,0.02375114255874332,0.5882184959862675,0.798469291159691,0.13208730913814082,44
N1,N2,prev2_sef90,683,3712,9.037335285505124,6.816877693965517,0.6015226408183643,0.6015226408183643,0.6333887640733074,0.6317739624880092,0.29726236769846015,30
N1,N2,prev2_delta_theta_ratio,683,3712,9.692593940091598,9.293181874498838,0.052910106842624316,0.052910106842624316,0.6223222061644873,0.7236413420760338,0.18553045377567418,40
N1,N2,prev2_alpha_theta_ratio,683,3712,0.5013917012787408,0.3018468129171666,0.838819590540828,0.838819590540828,0.6913409716261928,0.7097707723279649,0.375209755741724,19
N1,N2,prev2_sigma_theta_ratio,683,3712,0.21170314287130781,0.36369497255145994,-0.464978296434948,0.464978296434948,0.6716868562881809,0.729377161483314,0.2955581684567603,31
N1,N2,prev1_delta,683,3712,0.6996439727412131,0.7837523824957062,-0.7811991791200626,0.7811991791200626,0.6729730966325036,0.7059996150350887,0.3489530504934953,25
N1,N2,prev1_theta,683,3712,0.13501198268304188,0.10819265993715113,0.531885337843967,0.531885337843967,0.6109527250467006,0.7403541834957339,0.2426646890241489,35
N1,N2,prev1_alpha,683,3712,0.06275833311991484,0.03165905995320402,1.0255628993081984,1.0255628993081984,0.7247453551774625,0.6377598513151916,0.45102781981065393,11
N1,N2,prev1_sigma,683,3712,0.022110333523690545,0.03933262173393244,-0.4697532035463261,0.4697532035463261,0.6270368430352906,0.7328426345483918,0.25093129665756114,34
N1,N2,prev1_beta,683,3712,0.05453917017028089,0.01369215466084818,1.8469544136310574,1.8469544136310574,0.873787123870349,0.3632427929519867,0.7781817273246102,2
N1,N2,prev1_rms,683,3712,1.130990477654145e-05,1.476463242584804e-05,-0.7255098997433316,0.7255098997433316,0.7488451052658152,0.5440327283283688,0.4488650445616411,12
N1,N2,prev1_std,683,3712,1.1285216251674744e-05,1.4742570601424053e-05,-0.7254538529086021,0.7254538529086021,0.7488395832281517,0.5444543753470995,0.4487667860950221,13
N1,N2,prev1_peak_to_peak,683,3712,9.193555795106162e-05,0.00011876548553215386,-0.7130454550102372,0.7130454550102372,0.7232232449386581,0.5570110945625284,0.418777844277688,15
N1,N2,prev1_zero_crossing_rate,683,3712,0.13401464128843335,0.09593902658045975,1.243157589750537,1.243157589750537,0.7693853104331801,0.6006986955369314,0.5357192097883744,8
N1,N2,prev1_spectral_entropy,683,3712,4.455931108922596,4.4005091036861845,0.09723554010960288,0.09723554010960288,0.5655347541273288,0.6968058167567022,0.14075892179242877,43
N1,N2,prev1_dominant_frequency,683,3712,0.7163250366032211,0.7743130387931034,-0.09577660879849412,0.09577660879849412,0.5927447919296207,0.7995938146867269,0.14719252031204946,42
N1,N2,prev1_sef90,683,3712,9.206076134699854,6.769598599137931,0.6760639963800915,0.6760639963800915,0.6556384343287727,0.5798391982632403,0.34108019413313834,27
N1,N2,prev1_delta_theta_ratio,683,3712,9.366453000819291,9.11628761353763,0.03587188594962718,0.03587188594962718,0.6317798789569344,0.7376858560105014,0.18962349064727824,39
N1,N2,prev1_alpha_theta_ratio,683,3712,0.4988285655050842,0.294141529038291,0.9556042679891849,0.9556042679891849,0.7203229918715605,0.673413676351795,0.4289808967995792,14
N1,N2,prev1_sigma_theta_ratio,683,3712,0.19191857826081998,0.36885771772593834,-0.5438402665769073,0.5438402665769073,0.6967821508810017,0.6851957325692937,0.34131904435367905,26
N1,N2,current_delta,683,3712,0.6991658100918544,0.7840889974902361,-0.8317194938412719,0.8317194938412719,0.7008384819760691,0.6762121661533801,0.3903539728215839,17
N1,N2,current_theta,683,3712,0.14083593555680834,0.10792219381812791,0.6838530505576786,0.6838530505576786,0.6564069836421468,0.7084241840006058,0.3173001044256774,29
N1,N2,current_alpha,683,3712,0.059295535243117696,0.03136766040428663,1.035757299719971,1.035757299719971,0.7380451828898875,0.6539595376634524,0.4626168703151927,9
N1,N2,current_sigma,683,3712,0.020610955588183228,0.040180289267249376,-0.5376115392072834,0.5376115392072834,0.6467189629928813,0.6765044397182814,0.29205980593031755,32
N1,N2,current_beta,683,3712,0.05373006153657762,0.012974453715933525,1.9930660885435783,1.9930660885435783,0.9166385305700003,0.3047013050941586,0.8546581828327053,1
N1,N2,current_rms,683,3712,1.0293088306603406e-05,1.4745106985230947e-05,-1.0474605527983971,1.0474605527983971,0.8167981174584742,0.4656493758519715,0.5807873252078395,5
N1,N2,current_std,683,3712,1.0266623593595498e-05,1.4723134324167758e-05,-1.047686665572079,1.047686665572079,0.8168584654415105,0.4675351517140405,0.5805044349345143,6
N1,N2,current_peak_to_peak,683,3712,8.411701124642787e-05,0.00011920319276026984,-0.9930515850937983,0.9930515850937983,0.7855439759302267,0.48946158555056296,0.5366093965841838,7
N1,N2,current_zero_crossing_rate,683,3712,0.13391898487066858,0.09546327227011492,1.3243702749827733,1.3243702749827733,0.796965916405816,0.5661579555207754,0.582389866549077,4
N1,N2,current_spectral_entropy,683,3712,4.5440832054102405,4.4053880656609845,0.2590561897858448,0.2590561897858448,0.6019269544857878,0.7260181848588882,0.1955817459818869,38
N1,N2,current_dominant_frequency,683,3712,0.6654465592972182,0.7747171336206896,-0.2003415743317503,0.2003415743317503,0.5944319716514364,0.807839794643308,0.1629152488725373,41
N1,N2,current_sef90,683,3712,9.166910688140556,6.766567887931035,0.6845076026094606,0.6845076026094606,0.676608175140102,0.5637452194931085,0.36653527163289934,23
N1,N2,current_delta_theta_ratio,683,3712,7.827261535433619,9.006761589608708,-0.19958906463196613,0.19958906463196613,0.6719089210885041,0.6920383260968346,0.2634396155639321,33
N1,N2,current_alpha_theta_ratio,683,3712,0.4564178554988908,0.29258874397934825,0.8519730199974646,0.8519730199974646,0.6899675619730399,0.7240720610137831,0.3729491027699029,20
N1,N2,current_sigma_theta_ratio,683,3712,0.1701519803655737,0.3776122386279697,-0.6422309768589417,0.6422309768589417,0.7423610497551371,0.6176351794820013,0.41516866038757805,16
N1,REM,prev2_delta,683,1322,0.7029421526609404,0.7034504740914125,-0.004051292156086136,0.004051292156086136,0.5175053105127109,0.800449870753528,0.05802303018541819,41
N1,REM,prev2_theta,683,1322,0.13254381429060577,0.16886059163049436,-0.5506398233291465,0.5506398233291465,0.6652804327264914,0.7321928928838022,0.30143782764910293,8
N1,REM,prev2_alpha,683,1322,0.06370437473753501,0.04907254085529031,0.31280718850097367,0.31280718850097367,0.5266400568817378,0.8399857795655458,0.10556397924377467,31
N1,REM,prev2_sigma,683,1322,0.02413932257373292,0.016027997592827244,0.5282981203468359,0.5282981203468359,0.626602844529895,0.7755386377178196,0.25073983503835645,13
N1,REM,prev2_beta,683,1322,0.051497973141778716,0.034347326809792925,0.5074860616575995,0.5074860616575995,0.6037449359083691,0.7572591773855222,0.22841600967990455,18
N1,REM,prev2_rms,683,1322,1.1947326728687553e-05,1.0267997776554875e-05,0.36520965715471865,0.36520965715471865,0.5396743476209568,0.8086709209835579,0.13272161199745303,27
N1,REM,prev2_std,683,1322,1.1921975938044888e-05,1.0237518188677013e-05,0.36585189355694314,0.36585189355694314,0.5403133811630189,0.805693932836135,0.13405237862933334,26
N1,REM,prev2_peak_to_peak,683,1322,9.709424055688591e-05,8.27120638984364e-05,0.3437632340763806,0.3437632340763806,0.5421202844972899,0.7923727968847945,0.13521021023178809,25
N1,REM,prev2_zero_crossing_rate,683,1322,0.1308565153733528,0.11985501765002517,0.28339930000138996,0.28339930000138996,0.5627819998538086,0.8268806081561502,0.1399157732227871,24
N1,REM,prev2_spectral_entropy,683,1322,4.42912327700003,4.56584494537446,-0.18500040996823158,0.18500040996823158,0.5334158059464452,0.8513300093252382,0.09089986557663232,34
N1,REM,prev2_dominant_frequency,683,1322,0.7562225475841874,0.5919062027231468,0.22430728589698695,0.22430728589698695,0.5212127018160957,0.9501177283631216,0.06483524902801942,38
N1,REM,prev2_sef90,683,1322,9.037335285505124,7.53536308623298,0.38026118583558904,0.38026118583558904,0.5754358607460635,0.7155813433216011,0.1893587699570816,20
N1,REM,prev2_delta_theta_ratio,683,1322,9.692593940091598,5.352725497012256,0.532866297067637,0.532866297067637,0.6169475682392578,0.8251495692891777,0.23184759894156778,15
N1,REM,prev2_alpha_theta_ratio,683,1322,0.5013917012787408,0.299940857476506,0.6747789449318508,0.6747789449318508,0.6978777884344896,0.6906402075031619,0.3609665886736348,5
N1,REM,prev2_sigma_theta_ratio,683,1322,0.21170314287130781,0.1003738974162789,0.8981901118395436,0.8981901118395436,0.7669354963751183,0.5859350600159925,0.4844770011478513,2
N1,REM,prev1_delta,683,1322,0.6996439727412131,0.7019883113014194,-0.0192342852204548,0.0192342852204548,0.5088069232694595,0.7899551015254849,0.05370104574743078,43
N1,REM,prev1_theta,683,1322,0.13501198268304188,0.16990025613464127,-0.5325155799491296,0.5325155799491296,0.6594859379395432,0.7204056589355052,0.2952821431448116,9
N1,REM,prev1_alpha,683,1322,0.06275833311991484,0.04937150363240109,0.319456145096571,0.319456145096571,0.5465542026699862,0.8650498490463228,0.12146265462520733,28
N1,REM,prev1_sigma,683,1322,0.022110333523690545,0.015806100395904625,0.493187913357413,0.493187913357413,0.6325933686703007,0.7764180010321998,0.2512879554674727,12
N1,REM,prev1_beta,683,1322,0.05453917017028089,0.03451103721933007,0.6101302531050501,0.6101302531050501,0.645375147022015,0.7456181348194646,0.28777105802387964,10
N1,REM,prev1_rms,683,1322,1.130990477654145e-05,1.0071924943673907e-05,0.2944790820710756,0.2944790820710756,0.5188830535392712,0.8146016395585021,0.10013458793823216,33
N1,REM,prev1_std,683,1322,1.1285216251674744e-05,1.0040786526420188e-05,0.2956130446512374,0.2956130446512374,0.5195652799897224,0.8083275927373893,0.1022417181399301,32
N1,REM,prev1_peak_to_peak,683,1322,9.193555795106162e-05,8.098310585026615e-05,0.27990600530025456,0.27990600530025456,0.5240058432252477,0.7900060470071745,0.10799053461885097,30
N1,REM,prev1_zero_crossing_rate,683,1322,0.13401464128843335,0.1200353000504286,0.36843700056398004,0.36843700056398004,0.587493881004645,0.8380066583529547,0.175158099418651,23
N1,REM,prev1_spectral_entropy,683,1322,4.455931108922596,4.575851018515975,-0.16478304693965767,0.16478304693965767,0.5271340065520319,0.8347516850771824,0.08490112657754406,35
N1,REM,prev1_dominant_frequency,683,1322,0.7163250366032211,0.5858547655068078,0.19982956010600877,0.19982956010600877,0.5222316114498863,0.9448714512595716,0.06323175521387328,39
N1,REM,prev1_sef90,683,1322,9.206076134699854,7.540279878971256,0.4309225334002995,0.4309225334002995,0.5964979411380336,0.7061841169708258,0.2198994977539133,19
N1,REM,prev1_delta_theta_ratio,683,1322,9.366453000819291,5.250347579093859,0.5184890894269629,0.5184890894269629,0.6121564779394989,0.8054547105742884,0.22883889923868567,17
N1,REM,prev1_alpha_theta_ratio,683,1322,0.4988285655050842,0.29813455789701254,0.7418738529525727,0.7418738529525727,0.7177576013981213,0.6751937589569909,0.393999927549609,4
N1,REM,prev1_sigma_theta_ratio,683,1322,0.19191857826081998,0.09696948282424293,0.9527967124749313,0.9527967124749313,0.7801968267609969,0.5894713409515286,0.5052220654419308,1
N1,REM,current_delta,683,1322,0.6991658100918544,0.7041578915333448,-0.04347266946429031,0.04347266946429031,0.5047423598390122,0.8535184500169449,0.04055957025526673,44
N1,REM,current_theta,683,1322,0.14083593555680834,0.16837432451371515,-0.43085753882560435,0.43085753882560435,0.6299364510491446,0.7725251017248368,0.24006006152801795,14
N1,REM,current_alpha,683,1322,0.059295535243117696,0.049184411855752626,0.27051114511790525,0.27051114511790525,0.5468388328611647,0.8908526280115978,0.10924497902653096,29
N1,REM,current_sigma,683,1322,0.020610955588183228,0.015512731990269217,0.52455116211846,0.52455116211846,0.638775492122278,0.790152238389414,0.2594277187621642,11
N1,REM,current_beta,683,1322,0.05373006153657762,0.03463582788644339,0.6141930933957969,0.6141930933957969,0.6661221406848401,0.7604565601167759,0.30615979267085447,7
N1,REM,current_rms,683,1322,1.0293088306603406e-05,1.010974613775162e-05,0.047783883381818354,0.047783883381818354,0.5350925768003136,0.8605467114691568,0.07015081701375502,36
N1,REM,current_std,683,1322,1.0266623593595498e-05,1.0078923755699686e-05,0.04884245577501688,0.04884245577501688,0.5343926301823183,0.8628647308860304,0.06914605237136474,37
N1,REM,current_peak_to_peak,683,1322,8.411701124642787e-05,8.177159574329424e-05,0.06211274491926229,0.06211274491926229,0.5232759938245216,0.8493719308116058,0.0627185194000898,40
N1,REM,current_zero_crossing_rate,683,1322,0.13391898487066858,0.12005068078668679,0.38683698556931256,0.38683698556931256,0.5956230078655393,0.8490286025654372,0.18384283518784877,21
N1,REM,current_spectral_entropy,683,1322,4.5440832054102405,4.553845747984843,-0.013873652068938966,0.013873652068938966,0.5006512161572487,0.8822184763756942,0.026288568692450737,45
N1,REM,current_dominant_frequency,683,1322,0.6654465592972182,0.5822617246596067,0.1559128969265127,0.1559128969265127,0.5229952399199935,0.9470920097549521,0.05696377250798001,42
N1,REM,current_sef90,683,1322,9.166910688140556,7.473335854765507,0.460783864148025,0.460783864148025,0.6113601779104821,0.7555724389374101,0.22936326974520388,16
N1,REM,current_delta_theta_ratio,683,1322,7.827261535433619,5.422458210225443,0.37193046859857865,0.37193046859857865,0.590706215127264,0.8508847901156905,0.17631882739391264,22
N1,REM,current_alpha_theta_ratio,683,1322,0.4564178554988908,0.2999402889713241,0.6593350709862007,0.6593350709862007,0.6818809071839775,0.7369352527228143,0.3333941172873448,6
N1,REM,current_sigma_theta_ratio,683,1322,0.1701519803655737,0.09664556167605769,0.9414787325898304,0.9414787325898304,0.7581894861815919,0.6210697222142235,0.4751973516272217,3
